pais_codigo,pais,anio,valor,indicador_codigo,indicador,fase_covid
AR,Argentina,2023,14261.8465667948,NY.GDP.PCAP.CD,GDP per capita (current US$),Post-COVID (2022-2023)
AR,Argentina,2022,13962.1894087223,NY.GDP.PCAP.CD,GDP per capita (current US$),Post-COVID (2022-2023)
AR,Argentina,2021,10738.0179223384,NY.GDP.PCAP.CD,GDP per capita (current US$),COVID (2020-2021)
AR,Argentina,2020,8535.59938004389,NY.GDP.PCAP.CD,GDP per capita (current US$),COVID (2020-2021)
AR,Argentina,2019,9955.97478680428,NY.GDP.PCAP.CD,GDP per capita (current US$),Pre-COVID (2015-2019)
AR,Argentina,2018,11752.7998922979,NY.GDP.PCAP.CD,GDP per capita (current US$),Pre-COVID (2015-2019)
AR,Argentina,2017,14532.5009308511,NY.GDP.PCAP.CD,GDP per capita (current US$),Pre-COVID (2015-2019)
AR,Argentina,2016,12699.9623137756,NY.GDP.PCAP.CD,GDP per capita (current US$),Pre-COVID (2015-2019)
AR,Argentina,2015,13679.6264980954,NY.GDP.PCAP.CD,GDP per capita (current US$),Pre-COVID (2015-2019)
BO,Bolivia,2023,4274.70820547613,NY.GDP.PCAP.CD,GDP per capita (current US$),Post-COVID (2022-2023)
BO,Bolivia,2022,4219.46113742445,NY.GDP.PCAP.CD,GDP per capita (current US$),Post-COVID (2022-2023)
BO,Bolivia,2021,4010.76053686204,NY.GDP.PCAP.CD,GDP per capita (current US$),COVID (2020-2021)
BO,Bolivia,2020,3580.96761778303,NY.GDP.PCAP.CD,GDP per capita (current US$),COVID (2020-2021)
BO,Bolivia,2019,4203.15492855788,NY.GDP.PCAP.CD,GDP per capita (current US$),Pre-COVID (2015-2019)
BO,Bolivia,2018,4206.8552936661,NY.GDP.PCAP.CD,GDP per capita (current US$),Pre-COVID (2015-2019)
BO,Bolivia,2017,4048.40119739839,NY.GDP.PCAP.CD,GDP per capita (current US$),Pre-COVID (2015-2019)
BO,Bolivia,2016,3035.87347732132,NY.GDP.PCAP.CD,GDP per capita (current US$),Pre-COVID (2015-2019)
BO,Bolivia,2015,2996.01289811344,NY.GDP.PCAP.CD,GDP per capita (current US$),Pre-COVID (2015-2019)
BR,Brazil,2023,10377.5897719195,NY.GDP.PCAP.CD,GDP per capita (current US$),Post-COVID (2022-2023)
BR,Brazil,2022,9281.33282136864,NY.GDP.PCAP.CD,GDP per capita (current US$),Post-COVID (2022-2023)
BR,Brazil,2021,7972.53696080695,NY.GDP.PCAP.CD,GDP per capita (current US$),COVID (2020-2021)
BR,Brazil,2020,7074.19407495707,NY.GDP.PCAP.CD,GDP per capita (current US$),COVID (2020-2021)
BR,Brazil,2019,9029.83304401079,NY.GDP.PCAP.CD,GDP per capita (current US$),Pre-COVID (2015-2019)
BR,Brazil,2018,9300.66072904004,NY.GDP.PCAP.CD,GDP per capita (current US$),Pre-COVID (2015-2019)
BR,Brazil,2017,10080.5078722821,NY.GDP.PCAP.CD,GDP per capita (current US$),Pre-COVID (2015-2019)
BR,Brazil,2016,8836.28546025694,NY.GDP.PCAP.CD,GDP per capita (current US$),Pre-COVID (2015-2019)
BR,Brazil,2015,8936.1955889444,NY.GDP.PCAP.CD,GDP per capita (current US$),Pre-COVID (2015-2019)
CL,Chile,2023,17067.0364799154,NY.GDP.PCAP.CD,GDP per capita (current US$),Post-COVID (2022-2023)
CL,Chile,2022,15405.6165774073,NY.GDP.PCAP.CD,GDP per capita (current US$),Post-COVID (2022-2023)
CL,Chile,2021,16206.8325493421,NY.GDP.PCAP.CD,GDP per capita (current US$),COVID (2020-2021)
CL,Chile,2020,13114.815470545,NY.GDP.PCAP.CD,GDP per capita (current US$),COVID (2020-2021)
CL,Chile,2019,14495.716721687,NY.GDP.PCAP.CD,GDP per capita (current US$),Pre-COVID (2015-2019)
CL,Chile,2018,15659.4808675628,NY.GDP.PCAP.CD,GDP per capita (current US$),Pre-COVID (2015-2019)
CL,Chile,2017,14879.9086227187,NY.GDP.PCAP.CD,GDP per capita (current US$),Pre-COVID (2015-2019)
CL,Chile,2016,13649.8520452803,NY.GDP.PCAP.CD,GDP per capita (current US$),Pre-COVID (2015-2019)
CL,Chile,2015,13433.9202987032,NY.GDP.PCAP.CD,GDP per capita (current US$),Pre-COVID (2015-2019)
CO,Colombia,2023,7000.83660501046,NY.GDP.PCAP.CD,GDP per capita (current US$),Post-COVID (2022-2023)
CO,Colombia,2022,6680.44506854481,NY.GDP.PCAP.CD,GDP per capita (current US$),Post-COVID (2022-2023)
CO,Colombia,2021,6222.62164397614,NY.GDP.PCAP.CD,GDP per capita (current US$),COVID (2020-2021)
CO,Colombia,2020,5339.68711357943,NY.GDP.PCAP.CD,GDP per capita (current US$),COVID (2020-2021)
CO,Colombia,2019,6472.54544924705,NY.GDP.PCAP.CD,GDP per capita (current US$),Pre-COVID (2015-2019)
CO,Colombia,2018,6816.96818309544,NY.GDP.PCAP.CD,GDP per capita (current US$),Pre-COVID (2015-2019)
CO,Colombia,2017,6479.53231292429,NY.GDP.PCAP.CD,GDP per capita (current US$),Pre-COVID (2015-2019)
CO,Colombia,2016,5959.84250367574,NY.GDP.PCAP.CD,GDP per capita (current US$),Pre-COVID (2015-2019)
CO,Colombia,2015,6248.51490534512,NY.GDP.PCAP.CD,GDP per capita (current US$),Pre-COVID (2015-2019)
EC,Ecuador,2023,6737.84748379638,NY.GDP.PCAP.CD,GDP per capita (current US$),Post-COVID (2022-2023)
EC,Ecuador,2022,6515.58528418336,NY.GDP.PCAP.CD,GDP per capita (current US$),Post-COVID (2022-2023)
EC,Ecuador,2021,6061.32350181711,NY.GDP.PCAP.CD,GDP per capita (current US$),COVID (2020-2021)
EC,Ecuador,2020,5463.64515348598,NY.GDP.PCAP.CD,GDP per capita (current US$),COVID (2020-2021)
EC,Ecuador,2019,6205.05765246766,NY.GDP.PCAP.CD,GDP per capita (current US$),Pre-COVID (2015-2019)
EC,Ecuador,2018,6303.91886658338,NY.GDP.PCAP.CD,GDP per capita (current US$),Pre-COVID (2015-2019)
EC,Ecuador,2017,6233.32244797718,NY.GDP.PCAP.CD,GDP per capita (current US$),Pre-COVID (2015-2019)
EC,Ecuador,2016,5917.63771271481,NY.GDP.PCAP.CD,GDP per capita (current US$),Pre-COVID (2015-2019)
EC,Ecuador,2015,5976.1596805651,NY.GDP.PCAP.CD,GDP per capita (current US$),Pre-COVID (2015-2019)
PE,Peru,2023,7887.54185920108,NY.GDP.PCAP.CD,GDP per capita (current US$),Post-COVID (2022-2023)
PE,Peru,2022,7350.63034300417,NY.GDP.PCAP.CD,GDP per capita (current US$),Post-COVID (2022-2023)
PE,Peru,2021,6826.20255614477,NY.GDP.PCAP.CD,GDP per capita (current US$),COVID (2020-2021)
PE,Peru,2020,6133.32552410183,NY.GDP.PCAP.CD,GDP per capita (current US$),COVID (2020-2021)
PE,Peru,2019,7037.00803692604,NY.GDP.PCAP.CD,GDP per capita (current US$),Pre-COVID (2015-2019)
PE,Peru,2018,6978.49121548627,NY.GDP.PCAP.CD,GDP per capita (current US$),Pre-COVID (2015-2019)
PE,Peru,2017,6736.16693725487,NY.GDP.PCAP.CD,GDP per capita (current US$),Pre-COVID (2015-2019)
PE,Peru,2016,6217.03599995447,NY.GDP.PCAP.CD,GDP per capita (current US$),Pre-COVID (2015-2019)
PE,Peru,2015,6231.71150338894,NY.GDP.PCAP.CD,GDP per capita (current US$),Pre-COVID (2015-2019)
AR,Argentina,2023,-1.85578803046339,NY.GDP.MKTP.KD.ZG,GDP growth (annual %),Post-COVID (2022-2023)
AR,Argentina,2022,6.02074537534855,NY.GDP.MKTP.KD.ZG,GDP growth (annual %),Post-COVID (2022-2023)
AR,Argentina,2021,10.4418119882506,NY.GDP.MKTP.KD.ZG,GDP growth (annual %),COVID (2020-2021)
AR,Argentina,2020,-9.9004848136464,NY.GDP.MKTP.KD.ZG,GDP growth (annual %),COVID (2020-2021)
AR,Argentina,2019,-2.00086100285785,NY.GDP.MKTP.KD.ZG,GDP growth (annual %),Pre-COVID (2015-2019)
AR,Argentina,2018,-2.61739646282038,NY.GDP.MKTP.KD.ZG,GDP growth (annual %),Pre-COVID (2015-2019)
AR,Argentina,2017,2.81850297775918,NY.GDP.MKTP.KD.ZG,GDP growth (annual %),Pre-COVID (2015-2019)
AR,Argentina,2016,-2.08032784377811,NY.GDP.MKTP.KD.ZG,GDP growth (annual %),Pre-COVID (2015-2019)
AR,Argentina,2015,2.73115982828944,NY.GDP.MKTP.KD.ZG,GDP growth (annual %),Pre-COVID (2015-2019)
BO,Bolivia,2023,2.51636590154891,NY.GDP.MKTP.KD.ZG,GDP growth (annual %),Post-COVID (2022-2023)
BO,Bolivia,2022,3.74741781241461,NY.GDP.MKTP.KD.ZG,GDP growth (annual %),Post-COVID (2022-2023)
BO,Bolivia,2021,10.0290488827886,NY.GDP.MKTP.KD.ZG,GDP growth (annual %),COVID (2020-2021)
BO,Bolivia,2020,-12.7194690092717,NY.GDP.MKTP.KD.ZG,GDP growth (annual %),COVID (2020-2021)
BO,Bolivia,2019,1.50672102666863,NY.GDP.MKTP.KD.ZG,GDP growth (annual %),Pre-COVID (2015-2019)
BO,Bolivia,2018,2.86808404814794,NY.GDP.MKTP.KD.ZG,GDP growth (annual %),Pre-COVID (2015-2019)
BO,Bolivia,2017,4.19520633360403,NY.GDP.MKTP.KD.ZG,GDP growth (annual %),Pre-COVID (2015-2019)
BO,Bolivia,2016,4.26392086382097,NY.GDP.MKTP.KD.ZG,GDP growth (annual %),Pre-COVID (2015-2019)
BO,Bolivia,2015,4.8571871797142,NY.GDP.MKTP.KD.ZG,GDP growth (annual %),Pre-COVID (2015-2019)
BR,Brazil,2023,3.24165532813583,NY.GDP.MKTP.KD.ZG,GDP growth (annual %),Post-COVID (2022-2023)
BR,Brazil,2022,3.01669435408112,NY.GDP.MKTP.KD.ZG,GDP growth (annual %),Post-COVID (2022-2023)
BR,Brazil,2021,4.7626043797061,NY.GDP.MKTP.KD.ZG,GDP growth (annual %),COVID (2020-2021)
BR,Brazil,2020,-3.27675879612903,NY.GDP.MKTP.KD.ZG,GDP growth (annual %),COVID (2020-2021)
BR,Brazil,2019,1.22077782271943,NY.GDP.MKTP.KD.ZG,GDP growth (annual %),Pre-COVID (2015-2019)
BR,Brazil,2018,1.78366676137003,NY.GDP.MKTP.KD.ZG,GDP growth (annual %),Pre-COVID (2015-2019)
BR,Brazil,2017,1.32286905390815,NY.GDP.MKTP.KD.ZG,GDP growth (annual %),Pre-COVID (2015-2019)
BR,Brazil,2016,-3.2759169063211,NY.GDP.MKTP.KD.ZG,GDP growth (annual %),Pre-COVID (2015-2019)
BR,Brazil,2015,-3.54576339347278,NY.GDP.MKTP.KD.ZG,GDP growth (annual %),Pre-COVID (2015-2019)
CL,Chile,2023,0.521367977246825,NY.GDP.MKTP.KD.ZG,GDP growth (annual %),Post-COVID (2022-2023)
CL,Chile,2022,2.15399356192458,NY.GDP.MKTP.KD.ZG,GDP growth (annual %),Post-COVID (2022-2023)
CL,Chile,2021,11.3149204879049,NY.GDP.MKTP.KD.ZG,GDP growth (annual %),COVID (2020-2021)
CL,Chile,2020,-6.14347479224092,NY.GDP.MKTP.KD.ZG,GDP growth (annual %),COVID (2020-2021)
CL,Chile,2019,0.634367533828438,NY.GDP.MKTP.KD.ZG,GDP growth (annual %),Pre-COVID (2015-2019)
CL,Chile,2018,3.99002947789977,NY.GDP.MKTP.KD.ZG,GDP growth (annual %),Pre-COVID (2015-2019)
CL,Chile,2017,1.35769537343957,NY.GDP.MKTP.KD.ZG,GDP growth (annual %),Pre-COVID (2015-2019)
CL,Chile,2016,1.753038749071,NY.GDP.MKTP.KD.ZG,GDP growth (annual %),Pre-COVID (2015-2019)
CL,Chile,2015,2.15194249981184,NY.GDP.MKTP.KD.ZG,GDP growth (annual %),Pre-COVID (2015-2019)
CO,Colombia,2023,0.712380031974334,NY.GDP.MKTP.KD.ZG,GDP growth (annual %),Post-COVID (2022-2023)
CO,Colombia,2022,7.32827729427979,NY.GDP.MKTP.KD.ZG,GDP growth (annual %),Post-COVID (2022-2023)
CO,Colombia,2021,10.8011981904878,NY.GDP.MKTP.KD.ZG,GDP growth (annual %),COVID (2020-2021)
CO,Colombia,2020,-7.18591413760859,NY.GDP.MKTP.KD.ZG,GDP growth (annual %),COVID (2020-2021)
CO,Colombia,2019,3.18685539245533,NY.GDP.MKTP.KD.ZG,GDP growth (annual %),Pre-COVID (2015-2019)
CO,Colombia,2018,2.56432428277704,NY.GDP.MKTP.KD.ZG,GDP growth (annual %),Pre-COVID (2015-2019)
CO,Colombia,2017,1.35936086788746,NY.GDP.MKTP.KD.ZG,GDP growth (annual %),Pre-COVID (2015-2019)
CO,Colombia,2016,2.08738250162794,NY.GDP.MKTP.KD.ZG,GDP growth (annual %),Pre-COVID (2015-2019)
CO,Colombia,2015,2.95590137527523,NY.GDP.MKTP.KD.ZG,GDP growth (annual %),Pre-COVID (2015-2019)
EC,Ecuador,2023,1.98823813984235,NY.GDP.MKTP.KD.ZG,GDP growth (annual %),Post-COVID (2022-2023)
EC,Ecuador,2022,5.86842354862311,NY.GDP.MKTP.KD.ZG,GDP growth (annual %),Post-COVID (2022-2023)
EC,Ecuador,2021,9.42189269033631,NY.GDP.MKTP.KD.ZG,GDP growth (annual %),COVID (2020-2021)
EC,Ecuador,2020,-9.24509619165865,NY.GDP.MKTP.KD.ZG,GDP growth (annual %),COVID (2020-2021)
EC,Ecuador,2019,0.1654044646003,NY.GDP.MKTP.KD.ZG,GDP growth (annual %),Pre-COVID (2015-2019)
EC,Ecuador,2018,1.04429460679607,NY.GDP.MKTP.KD.ZG,GDP growth (annual %),Pre-COVID (2015-2019)
EC,Ecuador,2017,5.97039880954841,NY.GDP.MKTP.KD.ZG,GDP growth (annual %),Pre-COVID (2015-2019)
EC,Ecuador,2016,-0.687954245877947,NY.GDP.MKTP.KD.ZG,GDP growth (annual %),Pre-COVID (2015-2019)
EC,Ecuador,2015,0.119692109287612,NY.GDP.MKTP.KD.ZG,GDP growth (annual %),Pre-COVID (2015-2019)
PE,Peru,2023,-0.403242151494268,NY.GDP.MKTP.KD.ZG,GDP growth (annual %),Post-COVID (2022-2023)
PE,Peru,2022,2.8090335533015,NY.GDP.MKTP.KD.ZG,GDP growth (annual %),Post-COVID (2022-2023)
PE,Peru,2021,13.3626240903125,NY.GDP.MKTP.KD.ZG,GDP growth (annual %),COVID (2020-2021)
PE,Peru,2020,-10.9333065010382,NY.GDP.MKTP.KD.ZG,GDP growth (annual %),COVID (2020-2021)
PE,Peru,2019,2.24063176875049,NY.GDP.MKTP.KD.ZG,GDP growth (annual %),Pre-COVID (2015-2019)
PE,Peru,2018,3.969351341365,NY.GDP.MKTP.KD.ZG,GDP growth (annual %),Pre-COVID (2015-2019)
PE,Peru,2017,2.51883544233135,NY.GDP.MKTP.KD.ZG,GDP growth (annual %),Pre-COVID (2015-2019)
PE,Peru,2016,3.95331871520767,NY.GDP.MKTP.KD.ZG,GDP growth (annual %),Pre-COVID (2015-2019)
PE,Peru,2015,3.25224477218451,NY.GDP.MKTP.KD.ZG,GDP growth (annual %),Pre-COVID (2015-2019)
AR,Argentina,2023,133.488935594175,FP.CPI.TOTL.ZG,"Inflation, consumer prices (annual %)",Post-COVID (2022-2023)
AR,Argentina,2022,72.430757531824,FP.CPI.TOTL.ZG,"Inflation, consumer prices (annual %)",Post-COVID (2022-2023)
AR,Argentina,2021,48.4093786255199,FP.CPI.TOTL.ZG,"Inflation, consumer prices (annual %)",COVID (2020-2021)
AR,Argentina,2020,42.0150947376509,FP.CPI.TOTL.ZG,"Inflation, consumer prices (annual %)",COVID (2020-2021)
AR,Argentina,2019,53.5483043492339,FP.CPI.TOTL.ZG,"Inflation, consumer prices (annual %)",Pre-COVID (2015-2019)
AR,Argentina,2018,34.2772237131003,FP.CPI.TOTL.ZG,"Inflation, consumer prices (annual %)",Pre-COVID (2015-2019)
AR,Argentina,2017,,FP.CPI.TOTL.ZG,"Inflation, consumer prices (annual %)",Pre-COVID (2015-2019)
AR,Argentina,2016,,FP.CPI.TOTL.ZG,"Inflation, consumer prices (annual %)",Pre-COVID (2015-2019)
AR,Argentina,2015,,FP.CPI.TOTL.ZG,"Inflation, consumer prices (annual %)",Pre-COVID (2015-2019)
BO,Bolivia,2023,2.57688800489192,FP.CPI.TOTL.ZG,"Inflation, consumer prices (annual %)",Post-COVID (2022-2023)
BO,Bolivia,2022,1.74632872945969,FP.CPI.TOTL.ZG,"Inflation, consumer prices (annual %)",Post-COVID (2022-2023)
BO,Bolivia,2021,0.737383721452275,FP.CPI.TOTL.ZG,"Inflation, consumer prices (annual %)",COVID (2020-2021)
BO,Bolivia,2020,0.940742153381849,FP.CPI.TOTL.ZG,"Inflation, consumer prices (annual %)",COVID (2020-2021)
BO,Bolivia,2019,1.83954504969026,FP.CPI.TOTL.ZG,"Inflation, consumer prices (annual %)",Pre-COVID (2015-2019)
BO,Bolivia,2018,2.27205987230155,FP.CPI.TOTL.ZG,"Inflation, consumer prices (annual %)",Pre-COVID (2015-2019)
BO,Bolivia,2017,2.8227580554717,FP.CPI.TOTL.ZG,"Inflation, consumer prices (annual %)",Pre-COVID (2015-2019)
BO,Bolivia,2016,3.62321431764138,FP.CPI.TOTL.ZG,"Inflation, consumer prices (annual %)",Pre-COVID (2015-2019)
BO,Bolivia,2015,4.05961041135645,FP.CPI.TOTL.ZG,"Inflation, consumer prices (annual %)",Pre-COVID (2015-2019)
BR,Brazil,2023,4.59356282283204,FP.CPI.TOTL.ZG,"Inflation, consumer prices (annual %)",Post-COVID (2022-2023)
BR,Brazil,2022,9.28010608956873,FP.CPI.TOTL.ZG,"Inflation, consumer prices (annual %)",Post-COVID (2022-2023)
BR,Brazil,2021,8.30165975585673,FP.CPI.TOTL.ZG,"Inflation, consumer prices (annual %)",COVID (2020-2021)
BR,Brazil,2020,3.21176803803376,FP.CPI.TOTL.ZG,"Inflation, consumer prices (annual %)",COVID (2020-2021)
BR,Brazil,2019,3.73297621216894,FP.CPI.TOTL.ZG,"Inflation, consumer prices (annual %)",Pre-COVID (2015-2019)
BR,Brazil,2018,3.66485028376729,FP.CPI.TOTL.ZG,"Inflation, consumer prices (annual %)",Pre-COVID (2015-2019)
BR,Brazil,2017,3.44637335032669,FP.CPI.TOTL.ZG,"Inflation, consumer prices (annual %)",Pre-COVID (2015-2019)
BR,Brazil,2016,8.73914352329393,FP.CPI.TOTL.ZG,"Inflation, consumer prices (annual %)",Pre-COVID (2015-2019)
BR,Brazil,2015,9.02990102416136,FP.CPI.TOTL.ZG,"Inflation, consumer prices (annual %)",Pre-COVID (2015-2019)
CL,Chile,2023,7.58168251407962,FP.CPI.TOTL.ZG,"Inflation, consumer prices (annual %)",Post-COVID (2022-2023)
CL,Chile,2022,11.643866711056,FP.CPI.TOTL.ZG,"Inflation, consumer prices (annual %)",Post-COVID (2022-2023)
CL,Chile,2021,4.52456838259144,FP.CPI.TOTL.ZG,"Inflation, consumer prices (annual %)",COVID (2020-2021)
CL,Chile,2020,3.04549084804326,FP.CPI.TOTL.ZG,"Inflation, consumer prices (annual %)",COVID (2020-2021)
CL,Chile,2019,2.55754475703327,FP.CPI.TOTL.ZG,"Inflation, consumer prices (annual %)",Pre-COVID (2015-2019)
CL,Chile,2018,2.43488981353057,FP.CPI.TOTL.ZG,"Inflation, consumer prices (annual %)",Pre-COVID (2015-2019)
CL,Chile,2017,2.18271846868519,FP.CPI.TOTL.ZG,"Inflation, consumer prices (annual %)",Pre-COVID (2015-2019)
CL,Chile,2016,3.78619355893118,FP.CPI.TOTL.ZG,"Inflation, consumer prices (annual %)",Pre-COVID (2015-2019)
CL,Chile,2015,4.34877353217044,FP.CPI.TOTL.ZG,"Inflation, consumer prices (annual %)",Pre-COVID (2015-2019)
CO,Colombia,2023,11.7359044948689,FP.CPI.TOTL.ZG,"Inflation, consumer prices (annual %)",Post-COVID (2022-2023)
CO,Colombia,2022,10.1772313546166,FP.CPI.TOTL.ZG,"Inflation, consumer prices (annual %)",Post-COVID (2022-2023)
CO,Colombia,2021,3.49505757399448,FP.CPI.TOTL.ZG,"Inflation, consumer prices (annual %)",COVID (2020-2021)
CO,Colombia,2020,2.52663500084706,FP.CPI.TOTL.ZG,"Inflation, consumer prices (annual %)",COVID (2020-2021)
CO,Colombia,2019,3.52301932741447,FP.CPI.TOTL.ZG,"Inflation, consumer prices (annual %)",Pre-COVID (2015-2019)
CO,Colombia,2018,3.24056932930569,FP.CPI.TOTL.ZG,"Inflation, consumer prices (annual %)",Pre-COVID (2015-2019)
CO,Colombia,2017,4.31431325695011,FP.CPI.TOTL.ZG,"Inflation, consumer prices (annual %)",Pre-COVID (2015-2019)
CO,Colombia,2016,7.51346024627675,FP.CPI.TOTL.ZG,"Inflation, consumer prices (annual %)",Pre-COVID (2015-2019)
CO,Colombia,2015,4.9898311584953,FP.CPI.TOTL.ZG,"Inflation, consumer prices (annual %)",Pre-COVID (2015-2019)
EC,Ecuador,2023,2.21568764237058,FP.CPI.TOTL.ZG,"Inflation, consumer prices (annual %)",Post-COVID (2022-2023)
EC,Ecuador,2022,3.46616972213077,FP.CPI.TOTL.ZG,"Inflation, consumer prices (annual %)",Post-COVID (2022-2023)
EC,Ecuador,2021,0.133251386096389,FP.CPI.TOTL.ZG,"Inflation, consumer prices (annual %)",COVID (2020-2021)
EC,Ecuador,2020,-0.338872392562139,FP.CPI.TOTL.ZG,"Inflation, consumer prices (annual %)",COVID (2020-2021)
EC,Ecuador,2019,0.266012515466155,FP.CPI.TOTL.ZG,"Inflation, consumer prices (annual %)",Pre-COVID (2015-2019)
EC,Ecuador,2018,-0.224103246005552,FP.CPI.TOTL.ZG,"Inflation, consumer prices (annual %)",Pre-COVID (2015-2019)
EC,Ecuador,2017,0.417335588666825,FP.CPI.TOTL.ZG,"Inflation, consumer prices (annual %)",Pre-COVID (2015-2019)
EC,Ecuador,2016,1.72826463324533,FP.CPI.TOTL.ZG,"Inflation, consumer prices (annual %)",Pre-COVID (2015-2019)
EC,Ecuador,2015,3.96664623255358,FP.CPI.TOTL.ZG,"Inflation, consumer prices (annual %)",Pre-COVID (2015-2019)
PE,Peru,2023,6.45561348369586,FP.CPI.TOTL.ZG,"Inflation, consumer prices (annual %)",Post-COVID (2022-2023)
PE,Peru,2022,8.33370630096231,FP.CPI.TOTL.ZG,"Inflation, consumer prices (annual %)",Post-COVID (2022-2023)
PE,Peru,2021,4.27166381536798,FP.CPI.TOTL.ZG,"Inflation, consumer prices (annual %)",COVID (2020-2021)
PE,Peru,2020,2.00241205759292,FP.CPI.TOTL.ZG,"Inflation, consumer prices (annual %)",COVID (2020-2021)
PE,Peru,2019,2.25212191358027,FP.CPI.TOTL.ZG,"Inflation, consumer prices (annual %)",Pre-COVID (2015-2019)
PE,Peru,2018,1.50915423024742,FP.CPI.TOTL.ZG,"Inflation, consumer prices (annual %)",Pre-COVID (2015-2019)
PE,Peru,2017,2.99490045809443,FP.CPI.TOTL.ZG,"Inflation, consumer prices (annual %)",Pre-COVID (2015-2019)
PE,Peru,2016,3.55717663556279,FP.CPI.TOTL.ZG,"Inflation, consumer prices (annual %)",Pre-COVID (2015-2019)
PE,Peru,2015,3.39809194746308,FP.CPI.TOTL.ZG,"Inflation, consumer prices (annual %)",Pre-COVID (2015-2019)
AR,Argentina,2023,42.4,SI.POV.GINI,Gini index,Post-COVID (2022-2023)
AR,Argentina,2022,40.7,SI.POV.GINI,Gini index,Post-COVID (2022-2023)
AR,Argentina,2021,42.4,SI.POV.GINI,Gini index,COVID (2020-2021)
AR,Argentina,2020,42.7,SI.POV.GINI,Gini index,COVID (2020-2021)
AR,Argentina,2019,43.3,SI.POV.GINI,Gini index,Pre-COVID (2015-2019)
AR,Argentina,2018,41.7,SI.POV.GINI,Gini index,Pre-COVID (2015-2019)
AR,Argentina,2017,41.4,SI.POV.GINI,Gini index,Pre-COVID (2015-2019)
AR,Argentina,2016,42.3,SI.POV.GINI,Gini index,Pre-COVID (2015-2019)
AR,Argentina,2015,,SI.POV.GINI,Gini index,Pre-COVID (2015-2019)
BO,Bolivia,2023,42.1,SI.POV.GINI,Gini index,Post-COVID (2022-2023)
BO,Bolivia,2022,41.2,SI.POV.GINI,Gini index,Post-COVID (2022-2023)
BO,Bolivia,2021,40.9,SI.POV.GINI,Gini index,COVID (2020-2021)
BO,Bolivia,2020,43.6,SI.POV.GINI,Gini index,COVID (2020-2021)
BO,Bolivia,2019,41.6,SI.POV.GINI,Gini index,Pre-COVID (2015-2019)
BO,Bolivia,2018,42.6,SI.POV.GINI,Gini index,Pre-COVID (2015-2019)
BO,Bolivia,2017,44.6,SI.POV.GINI,Gini index,Pre-COVID (2015-2019)
BO,Bolivia,2016,45.2,SI.POV.GINI,Gini index,Pre-COVID (2015-2019)
BO,Bolivia,2015,46.7,SI.POV.GINI,Gini index,Pre-COVID (2015-2019)
BR,Brazil,2023,51.6,SI.POV.GINI,Gini index,Post-COVID (2022-2023)
BR,Brazil,2022,52.0,SI.POV.GINI,Gini index,Post-COVID (2022-2023)
BR,Brazil,2021,52.9,SI.POV.GINI,Gini index,COVID (2020-2021)
BR,Brazil,2020,48.9,SI.POV.GINI,Gini index,COVID (2020-2021)
BR,Brazil,2019,53.5,SI.POV.GINI,Gini index,Pre-COVID (2015-2019)
BR,Brazil,2018,53.9,SI.POV.GINI,Gini index,Pre-COVID (2015-2019)
BR,Brazil,2017,53.3,SI.POV.GINI,Gini index,Pre-COVID (2015-2019)
BR,Brazil,2016,53.4,SI.POV.GINI,Gini index,Pre-COVID (2015-2019)
BR,Brazil,2015,51.9,SI.POV.GINI,Gini index,Pre-COVID (2015-2019)
CL,Chile,2023,,SI.POV.GINI,Gini index,Post-COVID (2022-2023)
CL,Chile,2022,43.0,SI.POV.GINI,Gini index,Post-COVID (2022-2023)
CL,Chile,2021,,SI.POV.GINI,Gini index,COVID (2020-2021)
CL,Chile,2020,47.0,SI.POV.GINI,Gini index,COVID (2020-2021)
CL,Chile,2019,,SI.POV.GINI,Gini index,Pre-COVID (2015-2019)
CL,Chile,2018,,SI.POV.GINI,Gini index,Pre-COVID (2015-2019)
CL,Chile,2017,45.3,SI.POV.GINI,Gini index,Pre-COVID (2015-2019)
CL,Chile,2016,,SI.POV.GINI,Gini index,Pre-COVID (2015-2019)
CL,Chile,2015,45.3,SI.POV.GINI,Gini index,Pre-COVID (2015-2019)
CO,Colombia,2023,53.9,SI.POV.GINI,Gini index,Post-COVID (2022-2023)
CO,Colombia,2022,54.8,SI.POV.GINI,Gini index,Post-COVID (2022-2023)
CO,Colombia,2021,55.1,SI.POV.GINI,Gini index,COVID (2020-2021)
CO,Colombia,2020,53.5,SI.POV.GINI,Gini index,COVID (2020-2021)
CO,Colombia,2019,51.3,SI.POV.GINI,Gini index,Pre-COVID (2015-2019)
CO,Colombia,2018,50.4,SI.POV.GINI,Gini index,Pre-COVID (2015-2019)
CO,Colombia,2017,49.7,SI.POV.GINI,Gini index,Pre-COVID (2015-2019)
CO,Colombia,2016,50.6,SI.POV.GINI,Gini index,Pre-COVID (2015-2019)
CO,Colombia,2015,51.0,SI.POV.GINI,Gini index,Pre-COVID (2015-2019)
EC,Ecuador,2023,44.6,SI.POV.GINI,Gini index,Post-COVID (2022-2023)
EC,Ecuador,2022,45.5,SI.POV.GINI,Gini index,Post-COVID (2022-2023)
EC,Ecuador,2021,45.8,SI.POV.GINI,Gini index,COVID (2020-2021)
EC,Ecuador,2020,47.3,SI.POV.GINI,Gini index,COVID (2020-2021)
EC,Ecuador,2019,45.7,SI.POV.GINI,Gini index,Pre-COVID (2015-2019)
EC,Ecuador,2018,45.4,SI.POV.GINI,Gini index,Pre-COVID (2015-2019)
EC,Ecuador,2017,44.7,SI.POV.GINI,Gini index,Pre-COVID (2015-2019)
EC,Ecuador,2016,45.0,SI.POV.GINI,Gini index,Pre-COVID (2015-2019)
EC,Ecuador,2015,46.0,SI.POV.GINI,Gini index,Pre-COVID (2015-2019)
PE,Peru,2023,40.7,SI.POV.GINI,Gini index,Post-COVID (2022-2023)
PE,Peru,2022,40.3,SI.POV.GINI,Gini index,Post-COVID (2022-2023)
PE,Peru,2021,40.1,SI.POV.GINI,Gini index,COVID (2020-2021)
PE,Peru,2020,43.7,SI.POV.GINI,Gini index,COVID (2020-2021)
PE,Peru,2019,41.5,SI.POV.GINI,Gini index,Pre-COVID (2015-2019)
PE,Peru,2018,42.4,SI.POV.GINI,Gini index,Pre-COVID (2015-2019)
PE,Peru,2017,43.3,SI.POV.GINI,Gini index,Pre-COVID (2015-2019)
PE,Peru,2016,43.6,SI.POV.GINI,Gini index,Pre-COVID (2015-2019)
PE,Peru,2015,43.4,SI.POV.GINI,Gini index,Pre-COVID (2015-2019)
AR,Argentina,2023,5.89754023690244,SE.XPD.TOTL.GD.ZS,"Government expenditure on education, total (% of GDP)",Post-COVID (2022-2023)
AR,Argentina,2022,4.79263019561768,SE.XPD.TOTL.GD.ZS,"Government expenditure on education, total (% of GDP)",Post-COVID (2022-2023)
AR,Argentina,2021,4.65393018722534,SE.XPD.TOTL.GD.ZS,"Government expenditure on education, total (% of GDP)",COVID (2020-2021)
AR,Argentina,2020,5.27689981460571,SE.XPD.TOTL.GD.ZS,"Government expenditure on education, total (% of GDP)",COVID (2020-2021)
AR,Argentina,2019,4.7716498374939,SE.XPD.TOTL.GD.ZS,"Government expenditure on education, total (% of GDP)",Pre-COVID (2015-2019)
AR,Argentina,2018,4.87773990631104,SE.XPD.TOTL.GD.ZS,"Government expenditure on education, total (% of GDP)",Pre-COVID (2015-2019)
AR,Argentina,2017,5.45431995391846,SE.XPD.TOTL.GD.ZS,"Government expenditure on education, total (% of GDP)",Pre-COVID (2015-2019)
AR,Argentina,2016,5.54548978805542,SE.XPD.TOTL.GD.ZS,"Government expenditure on education, total (% of GDP)",Pre-COVID (2015-2019)
AR,Argentina,2015,5.77611017227173,SE.XPD.TOTL.GD.ZS,"Government expenditure on education, total (% of GDP)",Pre-COVID (2015-2019)
BO,Bolivia,2023,8.31589071412357,SE.XPD.TOTL.GD.ZS,"Government expenditure on education, total (% of GDP)",Post-COVID (2022-2023)
BO,Bolivia,2022,7.57550001144409,SE.XPD.TOTL.GD.ZS,"Government expenditure on education, total (% of GDP)",Post-COVID (2022-2023)
BO,Bolivia,2021,7.96215009689331,SE.XPD.TOTL.GD.ZS,"Government expenditure on education, total (% of GDP)",COVID (2020-2021)
BO,Bolivia,2020,8.43710994720459,SE.XPD.TOTL.GD.ZS,"Government expenditure on education, total (% of GDP)",COVID (2020-2021)
BO,Bolivia,2019,8.09103965759277,SE.XPD.TOTL.GD.ZS,"Government expenditure on education, total (% of GDP)",Pre-COVID (2015-2019)
BO,Bolivia,2018,8.01587009429932,SE.XPD.TOTL.GD.ZS,"Government expenditure on education, total (% of GDP)",Pre-COVID (2015-2019)
BO,Bolivia,2017,8.09724044799805,SE.XPD.TOTL.GD.ZS,"Government expenditure on education, total (% of GDP)",Pre-COVID (2015-2019)
BO,Bolivia,2016,8.15060997009277,SE.XPD.TOTL.GD.ZS,"Government expenditure on education, total (% of GDP)",Pre-COVID (2015-2019)
BO,Bolivia,2015,8.14342975616455,SE.XPD.TOTL.GD.ZS,"Government expenditure on education, total (% of GDP)",Pre-COVID (2015-2019)
BR,Brazil,2023,,SE.XPD.TOTL.GD.ZS,"Government expenditure on education, total (% of GDP)",Post-COVID (2022-2023)
BR,Brazil,2022,5.61922979354858,SE.XPD.TOTL.GD.ZS,"Government expenditure on education, total (% of GDP)",Post-COVID (2022-2023)
BR,Brazil,2021,5.4969801902771,SE.XPD.TOTL.GD.ZS,"Government expenditure on education, total (% of GDP)",COVID (2020-2021)
BR,Brazil,2020,5.77150011062622,SE.XPD.TOTL.GD.ZS,"Government expenditure on education, total (% of GDP)",COVID (2020-2021)
BR,Brazil,2019,5.96346998214722,SE.XPD.TOTL.GD.ZS,"Government expenditure on education, total (% of GDP)",Pre-COVID (2015-2019)
BR,Brazil,2018,6.08851003646851,SE.XPD.TOTL.GD.ZS,"Government expenditure on education, total (% of GDP)",Pre-COVID (2015-2019)
BR,Brazil,2017,6.32047986984253,SE.XPD.TOTL.GD.ZS,"Government expenditure on education, total (% of GDP)",Pre-COVID (2015-2019)
BR,Brazil,2016,6.314040184021,SE.XPD.TOTL.GD.ZS,"Government expenditure on education, total (% of GDP)",Pre-COVID (2015-2019)
BR,Brazil,2015,6.24105978012085,SE.XPD.TOTL.GD.ZS,"Government expenditure on education, total (% of GDP)",Pre-COVID (2015-2019)
CL,Chile,2023,,SE.XPD.TOTL.GD.ZS,"Government expenditure on education, total (% of GDP)",Post-COVID (2022-2023)
CL,Chile,2022,4.89753007888794,SE.XPD.TOTL.GD.ZS,"Government expenditure on education, total (% of GDP)",Post-COVID (2022-2023)
CL,Chile,2021,4.99923992156982,SE.XPD.TOTL.GD.ZS,"Government expenditure on education, total (% of GDP)",COVID (2020-2021)
CL,Chile,2020,5.62993001937866,SE.XPD.TOTL.GD.ZS,"Government expenditure on education, total (% of GDP)",COVID (2020-2021)
CL,Chile,2019,5.62630987167358,SE.XPD.TOTL.GD.ZS,"Government expenditure on education, total (% of GDP)",Pre-COVID (2015-2019)
CL,Chile,2018,5.473060131073,SE.XPD.TOTL.GD.ZS,"Government expenditure on education, total (% of GDP)",Pre-COVID (2015-2019)
CL,Chile,2017,5.43278980255127,SE.XPD.TOTL.GD.ZS,"Government expenditure on education, total (% of GDP)",Pre-COVID (2015-2019)
CL,Chile,2016,5.3664698600769,SE.XPD.TOTL.GD.ZS,"Government expenditure on education, total (% of GDP)",Pre-COVID (2015-2019)
CL,Chile,2015,4.90390014648438,SE.XPD.TOTL.GD.ZS,"Government expenditure on education, total (% of GDP)",Pre-COVID (2015-2019)
CO,Colombia,2023,,SE.XPD.TOTL.GD.ZS,"Government expenditure on education, total (% of GDP)",Post-COVID (2022-2023)
CO,Colombia,2022,,SE.XPD.TOTL.GD.ZS,"Government expenditure on education, total (% of GDP)",Post-COVID (2022-2023)
CO,Colombia,2021,,SE.XPD.TOTL.GD.ZS,"Government expenditure on education, total (% of GDP)",COVID (2020-2021)
CO,Colombia,2020,5.26166009902954,SE.XPD.TOTL.GD.ZS,"Government expenditure on education, total (% of GDP)",COVID (2020-2021)
CO,Colombia,2019,4.51069021224976,SE.XPD.TOTL.GD.ZS,"Government expenditure on education, total (% of GDP)",Pre-COVID (2015-2019)
CO,Colombia,2018,4.44910001754761,SE.XPD.TOTL.GD.ZS,"Government expenditure on education, total (% of GDP)",Pre-COVID (2015-2019)
CO,Colombia,2017,4.53551006317139,SE.XPD.TOTL.GD.ZS,"Government expenditure on education, total (% of GDP)",Pre-COVID (2015-2019)
CO,Colombia,2016,4.47721004486084,SE.XPD.TOTL.GD.ZS,"Government expenditure on education, total (% of GDP)",Pre-COVID (2015-2019)
CO,Colombia,2015,4.47038984298706,SE.XPD.TOTL.GD.ZS,"Government expenditure on education, total (% of GDP)",Pre-COVID (2015-2019)
EC,Ecuador,2023,3.89365005493164,SE.XPD.TOTL.GD.ZS,"Government expenditure on education, total (% of GDP)",Post-COVID (2022-2023)
EC,Ecuador,2022,3.59897994995117,SE.XPD.TOTL.GD.ZS,"Government expenditure on education, total (% of GDP)",Post-COVID (2022-2023)
EC,Ecuador,2021,3.64776992797852,SE.XPD.TOTL.GD.ZS,"Government expenditure on education, total (% of GDP)",COVID (2020-2021)
EC,Ecuador,2020,4.26103019714355,SE.XPD.TOTL.GD.ZS,"Government expenditure on education, total (% of GDP)",COVID (2020-2021)
EC,Ecuador,2019,4.2457799911499,SE.XPD.TOTL.GD.ZS,"Government expenditure on education, total (% of GDP)",Pre-COVID (2015-2019)
EC,Ecuador,2018,4.6250260585881,SE.XPD.TOTL.GD.ZS,"Government expenditure on education, total (% of GDP)",Pre-COVID (2015-2019)
EC,Ecuador,2017,4.60667733499397,SE.XPD.TOTL.GD.ZS,"Government expenditure on education, total (% of GDP)",Pre-COVID (2015-2019)
EC,Ecuador,2016,4.46397668804552,SE.XPD.TOTL.GD.ZS,"Government expenditure on education, total (% of GDP)",Pre-COVID (2015-2019)
EC,Ecuador,2015,5.10570001602173,SE.XPD.TOTL.GD.ZS,"Government expenditure on education, total (% of GDP)",Pre-COVID (2015-2019)
PE,Peru,2023,4.23516988754272,SE.XPD.TOTL.GD.ZS,"Government expenditure on education, total (% of GDP)",Post-COVID (2022-2023)
PE,Peru,2022,3.83315992355347,SE.XPD.TOTL.GD.ZS,"Government expenditure on education, total (% of GDP)",Post-COVID (2022-2023)
PE,Peru,2021,3.92721009254456,SE.XPD.TOTL.GD.ZS,"Government expenditure on education, total (% of GDP)",COVID (2020-2021)
PE,Peru,2020,4.25937986373901,SE.XPD.TOTL.GD.ZS,"Government expenditure on education, total (% of GDP)",COVID (2020-2021)
PE,Peru,2019,3.822429895401,SE.XPD.TOTL.GD.ZS,"Government expenditure on education, total (% of GDP)",Pre-COVID (2015-2019)
PE,Peru,2018,3.71392011642456,SE.XPD.TOTL.GD.ZS,"Government expenditure on education, total (% of GDP)",Pre-COVID (2015-2019)
PE,Peru,2017,3.93130993843079,SE.XPD.TOTL.GD.ZS,"Government expenditure on education, total (% of GDP)",Pre-COVID (2015-2019)
PE,Peru,2016,3.81316995620727,SE.XPD.TOTL.GD.ZS,"Government expenditure on education, total (% of GDP)",Pre-COVID (2015-2019)
PE,Peru,2015,3.96933007240295,SE.XPD.TOTL.GD.ZS,"Government expenditure on education, total (% of GDP)",Pre-COVID (2015-2019)
AR,Argentina,2023,77.395,SP.DYN.LE00.IN,"Life expectancy at birth, total (years)",Post-COVID (2022-2023)
AR,Argentina,2022,75.806,SP.DYN.LE00.IN,"Life expectancy at birth, total (years)",Post-COVID (2022-2023)
AR,Argentina,2021,73.948,SP.DYN.LE00.IN,"Life expectancy at birth, total (years)",COVID (2020-2021)
AR,Argentina,2020,75.878,SP.DYN.LE00.IN,"Life expectancy at birth, total (years)",COVID (2020-2021)
AR,Argentina,2019,76.847,SP.DYN.LE00.IN,"Life expectancy at birth, total (years)",Pre-COVID (2015-2019)
AR,Argentina,2018,76.77,SP.DYN.LE00.IN,"Life expectancy at birth, total (years)",Pre-COVID (2015-2019)
AR,Argentina,2017,76.543,SP.DYN.LE00.IN,"Life expectancy at birth, total (years)",Pre-COVID (2015-2019)
AR,Argentina,2016,76.105,SP.DYN.LE00.IN,"Life expectancy at birth, total (years)",Pre-COVID (2015-2019)
AR,Argentina,2015,76.6,SP.DYN.LE00.IN,"Life expectancy at birth, total (years)",Pre-COVID (2015-2019)
BO,Bolivia,2023,68.581,SP.DYN.LE00.IN,"Life expectancy at birth, total (years)",Post-COVID (2022-2023)
BO,Bolivia,2022,67.434,SP.DYN.LE00.IN,"Life expectancy at birth, total (years)",Post-COVID (2022-2023)
BO,Bolivia,2021,61.427,SP.DYN.LE00.IN,"Life expectancy at birth, total (years)",COVID (2020-2021)
BO,Bolivia,2020,62.906,SP.DYN.LE00.IN,"Life expectancy at birth, total (years)",COVID (2020-2021)
BO,Bolivia,2019,67.82,SP.DYN.LE00.IN,"Life expectancy at birth, total (years)",Pre-COVID (2015-2019)
BO,Bolivia,2018,67.699,SP.DYN.LE00.IN,"Life expectancy at birth, total (years)",Pre-COVID (2015-2019)
BO,Bolivia,2017,67.536,SP.DYN.LE00.IN,"Life expectancy at birth, total (years)",Pre-COVID (2015-2019)
BO,Bolivia,2016,67.392,SP.DYN.LE00.IN,"Life expectancy at birth, total (years)",Pre-COVID (2015-2019)
BO,Bolivia,2015,67.205,SP.DYN.LE00.IN,"Life expectancy at birth, total (years)",Pre-COVID (2015-2019)
BR,Brazil,2023,75.848,SP.DYN.LE00.IN,"Life expectancy at birth, total (years)",Post-COVID (2022-2023)
BR,Brazil,2022,74.872,SP.DYN.LE00.IN,"Life expectancy at birth, total (years)",Post-COVID (2022-2023)
BR,Brazil,2021,73.038,SP.DYN.LE00.IN,"Life expectancy at birth, total (years)",COVID (2020-2021)
BR,Brazil,2020,74.506,SP.DYN.LE00.IN,"Life expectancy at birth, total (years)",COVID (2020-2021)
BR,Brazil,2019,75.809,SP.DYN.LE00.IN,"Life expectancy at birth, total (years)",Pre-COVID (2015-2019)
BR,Brazil,2018,75.633,SP.DYN.LE00.IN,"Life expectancy at birth, total (years)",Pre-COVID (2015-2019)
BR,Brazil,2017,75.383,SP.DYN.LE00.IN,"Life expectancy at birth, total (years)",Pre-COVID (2015-2019)
BR,Brazil,2016,75.081,SP.DYN.LE00.IN,"Life expectancy at birth, total (years)",Pre-COVID (2015-2019)
BR,Brazil,2015,75.106,SP.DYN.LE00.IN,"Life expectancy at birth, total (years)",Pre-COVID (2015-2019)
CL,Chile,2023,81.167,SP.DYN.LE00.IN,"Life expectancy at birth, total (years)",Post-COVID (2022-2023)
CL,Chile,2022,79.176,SP.DYN.LE00.IN,"Life expectancy at birth, total (years)",Post-COVID (2022-2023)
CL,Chile,2021,78.876,SP.DYN.LE00.IN,"Life expectancy at birth, total (years)",COVID (2020-2021)
CL,Chile,2020,79.349,SP.DYN.LE00.IN,"Life expectancy at birth, total (years)",COVID (2020-2021)
CL,Chile,2019,80.324,SP.DYN.LE00.IN,"Life expectancy at birth, total (years)",Pre-COVID (2015-2019)
CL,Chile,2018,80.559,SP.DYN.LE00.IN,"Life expectancy at birth, total (years)",Pre-COVID (2015-2019)
CL,Chile,2017,80.61,SP.DYN.LE00.IN,"Life expectancy at birth, total (years)",Pre-COVID (2015-2019)
CL,Chile,2016,80.295,SP.DYN.LE00.IN,"Life expectancy at birth, total (years)",Pre-COVID (2015-2019)
CL,Chile,2015,80.008,SP.DYN.LE00.IN,"Life expectancy at birth, total (years)",Pre-COVID (2015-2019)
CO,Colombia,2023,77.725,SP.DYN.LE00.IN,"Life expectancy at birth, total (years)",Post-COVID (2022-2023)
CO,Colombia,2022,76.508,SP.DYN.LE00.IN,"Life expectancy at birth, total (years)",Post-COVID (2022-2023)
CO,Colombia,2021,72.698,SP.DYN.LE00.IN,"Life expectancy at birth, total (years)",COVID (2020-2021)
CO,Colombia,2020,74.757,SP.DYN.LE00.IN,"Life expectancy at birth, total (years)",COVID (2020-2021)
CO,Colombia,2019,76.793,SP.DYN.LE00.IN,"Life expectancy at birth, total (years)",Pre-COVID (2015-2019)
CO,Colombia,2018,76.579,SP.DYN.LE00.IN,"Life expectancy at birth, total (years)",Pre-COVID (2015-2019)
CO,Colombia,2017,76.418,SP.DYN.LE00.IN,"Life expectancy at birth, total (years)",Pre-COVID (2015-2019)
CO,Colombia,2016,76.228,SP.DYN.LE00.IN,"Life expectancy at birth, total (years)",Pre-COVID (2015-2019)
CO,Colombia,2015,76.067,SP.DYN.LE00.IN,"Life expectancy at birth, total (years)",Pre-COVID (2015-2019)
EC,Ecuador,2023,77.392,SP.DYN.LE00.IN,"Life expectancy at birth, total (years)",Post-COVID (2022-2023)
EC,Ecuador,2022,76.577,SP.DYN.LE00.IN,"Life expectancy at birth, total (years)",Post-COVID (2022-2023)
EC,Ecuador,2021,72.746,SP.DYN.LE00.IN,"Life expectancy at birth, total (years)",COVID (2020-2021)
EC,Ecuador,2020,72.004,SP.DYN.LE00.IN,"Life expectancy at birth, total (years)",COVID (2020-2021)
EC,Ecuador,2019,77.286,SP.DYN.LE00.IN,"Life expectancy at birth, total (years)",Pre-COVID (2015-2019)
EC,Ecuador,2018,77.248,SP.DYN.LE00.IN,"Life expectancy at birth, total (years)",Pre-COVID (2015-2019)
EC,Ecuador,2017,76.22,SP.DYN.LE00.IN,"Life expectancy at birth, total (years)",Pre-COVID (2015-2019)
EC,Ecuador,2016,76.094,SP.DYN.LE00.IN,"Life expectancy at birth, total (years)",Pre-COVID (2015-2019)
EC,Ecuador,2015,76.222,SP.DYN.LE00.IN,"Life expectancy at birth, total (years)",Pre-COVID (2015-2019)
PE,Peru,2023,77.74,SP.DYN.LE00.IN,"Life expectancy at birth, total (years)",Post-COVID (2022-2023)
PE,Peru,2022,76.834,SP.DYN.LE00.IN,"Life expectancy at birth, total (years)",Post-COVID (2022-2023)
PE,Peru,2021,71.596,SP.DYN.LE00.IN,"Life expectancy at birth, total (years)",COVID (2020-2021)
PE,Peru,2020,73.832,SP.DYN.LE00.IN,"Life expectancy at birth, total (years)",COVID (2020-2021)
PE,Peru,2019,76.275,SP.DYN.LE00.IN,"Life expectancy at birth, total (years)",Pre-COVID (2015-2019)
PE,Peru,2018,76.018,SP.DYN.LE00.IN,"Life expectancy at birth, total (years)",Pre-COVID (2015-2019)
PE,Peru,2017,75.958,SP.DYN.LE00.IN,"Life expectancy at birth, total (years)",Pre-COVID (2015-2019)
PE,Peru,2016,75.951,SP.DYN.LE00.IN,"Life expectancy at birth, total (years)",Pre-COVID (2015-2019)
PE,Peru,2015,75.732,SP.DYN.LE00.IN,"Life expectancy at birth, total (years)",Pre-COVID (2015-2019)
AR,Argentina,2023,,SH.XPD.CHEX.GD.ZS,Current health expenditure (% of GDP),Post-COVID (2022-2023)
AR,Argentina,2022,9.86305332,SH.XPD.CHEX.GD.ZS,Current health expenditure (% of GDP),Post-COVID (2022-2023)
AR,Argentina,2021,10.03832245,SH.XPD.CHEX.GD.ZS,Current health expenditure (% of GDP),COVID (2020-2021)
AR,Argentina,2020,10.45030594,SH.XPD.CHEX.GD.ZS,Current health expenditure (% of GDP),COVID (2020-2021)
AR,Argentina,2019,10.1555109,SH.XPD.CHEX.GD.ZS,Current health expenditure (% of GDP),Pre-COVID (2015-2019)
AR,Argentina,2018,10.29146862,SH.XPD.CHEX.GD.ZS,Current health expenditure (% of GDP),Pre-COVID (2015-2019)
AR,Argentina,2017,10.23174763,SH.XPD.CHEX.GD.ZS,Current health expenditure (% of GDP),Pre-COVID (2015-2019)
AR,Argentina,2016,9.85558891,SH.XPD.CHEX.GD.ZS,Current health expenditure (% of GDP),Pre-COVID (2015-2019)
AR,Argentina,2015,10.22933674,SH.XPD.CHEX.GD.ZS,Current health expenditure (% of GDP),Pre-COVID (2015-2019)
BO,Bolivia,2023,,SH.XPD.CHEX.GD.ZS,Current health expenditure (% of GDP),Post-COVID (2022-2023)
BO,Bolivia,2022,8.43142891,SH.XPD.CHEX.GD.ZS,Current health expenditure (% of GDP),Post-COVID (2022-2023)
BO,Bolivia,2021,8.159729,SH.XPD.CHEX.GD.ZS,Current health expenditure (% of GDP),COVID (2020-2021)
BO,Bolivia,2020,8.0225811,SH.XPD.CHEX.GD.ZS,Current health expenditure (% of GDP),COVID (2020-2021)
BO,Bolivia,2019,6.88792992,SH.XPD.CHEX.GD.ZS,Current health expenditure (% of GDP),Pre-COVID (2015-2019)
BO,Bolivia,2018,6.60399437,SH.XPD.CHEX.GD.ZS,Current health expenditure (% of GDP),Pre-COVID (2015-2019)
BO,Bolivia,2017,6.4901948,SH.XPD.CHEX.GD.ZS,Current health expenditure (% of GDP),Pre-COVID (2015-2019)
BO,Bolivia,2016,6.83333063,SH.XPD.CHEX.GD.ZS,Current health expenditure (% of GDP),Pre-COVID (2015-2019)
BO,Bolivia,2015,6.55064964,SH.XPD.CHEX.GD.ZS,Current health expenditure (% of GDP),Pre-COVID (2015-2019)
BR,Brazil,2023,,SH.XPD.CHEX.GD.ZS,Current health expenditure (% of GDP),Post-COVID (2022-2023)
BR,Brazil,2022,9.14277458,SH.XPD.CHEX.GD.ZS,Current health expenditure (% of GDP),Post-COVID (2022-2023)
BR,Brazil,2021,9.63646507,SH.XPD.CHEX.GD.ZS,Current health expenditure (% of GDP),COVID (2020-2021)
BR,Brazil,2020,9.62326527,SH.XPD.CHEX.GD.ZS,Current health expenditure (% of GDP),COVID (2020-2021)
BR,Brazil,2019,9.61449146,SH.XPD.CHEX.GD.ZS,Current health expenditure (% of GDP),Pre-COVID (2015-2019)
BR,Brazil,2018,9.46475029,SH.XPD.CHEX.GD.ZS,Current health expenditure (% of GDP),Pre-COVID (2015-2019)
BR,Brazil,2017,9.47125053,SH.XPD.CHEX.GD.ZS,Current health expenditure (% of GDP),Pre-COVID (2015-2019)
BR,Brazil,2016,9.16901684,SH.XPD.CHEX.GD.ZS,Current health expenditure (% of GDP),Pre-COVID (2015-2019)
BR,Brazil,2015,8.90929985,SH.XPD.CHEX.GD.ZS,Current health expenditure (% of GDP),Pre-COVID (2015-2019)
CL,Chile,2023,10.09532642,SH.XPD.CHEX.GD.ZS,Current health expenditure (% of GDP),Post-COVID (2022-2023)
CL,Chile,2022,10.06172848,SH.XPD.CHEX.GD.ZS,Current health expenditure (% of GDP),Post-COVID (2022-2023)
CL,Chile,2021,9.68593311,SH.XPD.CHEX.GD.ZS,Current health expenditure (% of GDP),COVID (2020-2021)
CL,Chile,2020,9.68910599,SH.XPD.CHEX.GD.ZS,Current health expenditure (% of GDP),COVID (2020-2021)
CL,Chile,2019,9.29919815,SH.XPD.CHEX.GD.ZS,Current health expenditure (% of GDP),Pre-COVID (2015-2019)
CL,Chile,2018,9.15040398,SH.XPD.CHEX.GD.ZS,Current health expenditure (% of GDP),Pre-COVID (2015-2019)
CL,Chile,2017,9.090518,SH.XPD.CHEX.GD.ZS,Current health expenditure (% of GDP),Pre-COVID (2015-2019)
CL,Chile,2016,8.55767059,SH.XPD.CHEX.GD.ZS,Current health expenditure (% of GDP),Pre-COVID (2015-2019)
CL,Chile,2015,8.3513937,SH.XPD.CHEX.GD.ZS,Current health expenditure (% of GDP),Pre-COVID (2015-2019)
CO,Colombia,2023,7.69168758,SH.XPD.CHEX.GD.ZS,Current health expenditure (% of GDP),Post-COVID (2022-2023)
CO,Colombia,2022,7.57361269,SH.XPD.CHEX.GD.ZS,Current health expenditure (% of GDP),Post-COVID (2022-2023)
CO,Colombia,2021,9.01772404,SH.XPD.CHEX.GD.ZS,Current health expenditure (% of GDP),COVID (2020-2021)
CO,Colombia,2020,8.71432114,SH.XPD.CHEX.GD.ZS,Current health expenditure (% of GDP),COVID (2020-2021)
CO,Colombia,2019,7.77954912,SH.XPD.CHEX.GD.ZS,Current health expenditure (% of GDP),Pre-COVID (2015-2019)
CO,Colombia,2018,7.62541389,SH.XPD.CHEX.GD.ZS,Current health expenditure (% of GDP),Pre-COVID (2015-2019)
CO,Colombia,2017,7.67864323,SH.XPD.CHEX.GD.ZS,Current health expenditure (% of GDP),Pre-COVID (2015-2019)
CO,Colombia,2016,7.53117037,SH.XPD.CHEX.GD.ZS,Current health expenditure (% of GDP),Pre-COVID (2015-2019)
CO,Colombia,2015,7.52338505,SH.XPD.CHEX.GD.ZS,Current health expenditure (% of GDP),Pre-COVID (2015-2019)
EC,Ecuador,2023,,SH.XPD.CHEX.GD.ZS,Current health expenditure (% of GDP),Post-COVID (2022-2023)
EC,Ecuador,2022,7.53457022,SH.XPD.CHEX.GD.ZS,Current health expenditure (% of GDP),Post-COVID (2022-2023)
EC,Ecuador,2021,8.20646191,SH.XPD.CHEX.GD.ZS,Current health expenditure (% of GDP),COVID (2020-2021)
EC,Ecuador,2020,8.6576252,SH.XPD.CHEX.GD.ZS,Current health expenditure (% of GDP),COVID (2020-2021)
EC,Ecuador,2019,7.80768251,SH.XPD.CHEX.GD.ZS,Current health expenditure (% of GDP),Pre-COVID (2015-2019)
EC,Ecuador,2018,7.83214045,SH.XPD.CHEX.GD.ZS,Current health expenditure (% of GDP),Pre-COVID (2015-2019)
EC,Ecuador,2017,7.52484131,SH.XPD.CHEX.GD.ZS,Current health expenditure (% of GDP),Pre-COVID (2015-2019)
EC,Ecuador,2016,7.58817482,SH.XPD.CHEX.GD.ZS,Current health expenditure (% of GDP),Pre-COVID (2015-2019)
EC,Ecuador,2015,7.76786041,SH.XPD.CHEX.GD.ZS,Current health expenditure (% of GDP),Pre-COVID (2015-2019)
PE,Peru,2023,,SH.XPD.CHEX.GD.ZS,Current health expenditure (% of GDP),Post-COVID (2022-2023)
PE,Peru,2022,6.0930872,SH.XPD.CHEX.GD.ZS,Current health expenditure (% of GDP),Post-COVID (2022-2023)
PE,Peru,2021,6.67921352,SH.XPD.CHEX.GD.ZS,Current health expenditure (% of GDP),COVID (2020-2021)
PE,Peru,2020,6.36273861,SH.XPD.CHEX.GD.ZS,Current health expenditure (% of GDP),COVID (2020-2021)
PE,Peru,2019,5.1381588,SH.XPD.CHEX.GD.ZS,Current health expenditure (% of GDP),Pre-COVID (2015-2019)
PE,Peru,2018,5.09981441,SH.XPD.CHEX.GD.ZS,Current health expenditure (% of GDP),Pre-COVID (2015-2019)
PE,Peru,2017,4.82783127,SH.XPD.CHEX.GD.ZS,Current health expenditure (% of GDP),Pre-COVID (2015-2019)
PE,Peru,2016,4.91142178,SH.XPD.CHEX.GD.ZS,Current health expenditure (% of GDP),Pre-COVID (2015-2019)
PE,Peru,2015,4.92147398,SH.XPD.CHEX.GD.ZS,Current health expenditure (% of GDP),Pre-COVID (2015-2019)
AR,Argentina,2023,8.2,SP.DYN.IMRT.IN,"Mortality rate, infant (per 1,000 live births)",Post-COVID (2022-2023)
AR,Argentina,2022,8.3,SP.DYN.IMRT.IN,"Mortality rate, infant (per 1,000 live births)",Post-COVID (2022-2023)
AR,Argentina,2021,8.5,SP.DYN.IMRT.IN,"Mortality rate, infant (per 1,000 live births)",COVID (2020-2021)
AR,Argentina,2020,8.7,SP.DYN.IMRT.IN,"Mortality rate, infant (per 1,000 live births)",COVID (2020-2021)
AR,Argentina,2019,8.9,SP.DYN.IMRT.IN,"Mortality rate, infant (per 1,000 live births)",Pre-COVID (2015-2019)
AR,Argentina,2018,9.2,SP.DYN.IMRT.IN,"Mortality rate, infant (per 1,000 live births)",Pre-COVID (2015-2019)
AR,Argentina,2017,9.4,SP.DYN.IMRT.IN,"Mortality rate, infant (per 1,000 live births)",Pre-COVID (2015-2019)
AR,Argentina,2016,9.7,SP.DYN.IMRT.IN,"Mortality rate, infant (per 1,000 live births)",Pre-COVID (2015-2019)
AR,Argentina,2015,10.0,SP.DYN.IMRT.IN,"Mortality rate, infant (per 1,000 live births)",Pre-COVID (2015-2019)
BO,Bolivia,2023,20.0,SP.DYN.IMRT.IN,"Mortality rate, infant (per 1,000 live births)",Post-COVID (2022-2023)
BO,Bolivia,2022,20.7,SP.DYN.IMRT.IN,"Mortality rate, infant (per 1,000 live births)",Post-COVID (2022-2023)
BO,Bolivia,2021,21.4,SP.DYN.IMRT.IN,"Mortality rate, infant (per 1,000 live births)",COVID (2020-2021)
BO,Bolivia,2020,22.2,SP.DYN.IMRT.IN,"Mortality rate, infant (per 1,000 live births)",COVID (2020-2021)
BO,Bolivia,2019,23.0,SP.DYN.IMRT.IN,"Mortality rate, infant (per 1,000 live births)",Pre-COVID (2015-2019)
BO,Bolivia,2018,23.9,SP.DYN.IMRT.IN,"Mortality rate, infant (per 1,000 live births)",Pre-COVID (2015-2019)
BO,Bolivia,2017,24.8,SP.DYN.IMRT.IN,"Mortality rate, infant (per 1,000 live births)",Pre-COVID (2015-2019)
BO,Bolivia,2016,25.9,SP.DYN.IMRT.IN,"Mortality rate, infant (per 1,000 live births)",Pre-COVID (2015-2019)
BO,Bolivia,2015,27.1,SP.DYN.IMRT.IN,"Mortality rate, infant (per 1,000 live births)",Pre-COVID (2015-2019)
BR,Brazil,2023,12.5,SP.DYN.IMRT.IN,"Mortality rate, infant (per 1,000 live births)",Post-COVID (2022-2023)
BR,Brazil,2022,12.6,SP.DYN.IMRT.IN,"Mortality rate, infant (per 1,000 live births)",Post-COVID (2022-2023)
BR,Brazil,2021,12.7,SP.DYN.IMRT.IN,"Mortality rate, infant (per 1,000 live births)",COVID (2020-2021)
BR,Brazil,2020,12.8,SP.DYN.IMRT.IN,"Mortality rate, infant (per 1,000 live births)",COVID (2020-2021)
BR,Brazil,2019,13.0,SP.DYN.IMRT.IN,"Mortality rate, infant (per 1,000 live births)",Pre-COVID (2015-2019)
BR,Brazil,2018,13.1,SP.DYN.IMRT.IN,"Mortality rate, infant (per 1,000 live births)",Pre-COVID (2015-2019)
BR,Brazil,2017,13.3,SP.DYN.IMRT.IN,"Mortality rate, infant (per 1,000 live births)",Pre-COVID (2015-2019)
BR,Brazil,2016,14.6,SP.DYN.IMRT.IN,"Mortality rate, infant (per 1,000 live births)",Pre-COVID (2015-2019)
BR,Brazil,2015,13.7,SP.DYN.IMRT.IN,"Mortality rate, infant (per 1,000 live births)",Pre-COVID (2015-2019)
CL,Chile,2023,6.2,SP.DYN.IMRT.IN,"Mortality rate, infant (per 1,000 live births)",Post-COVID (2022-2023)
CL,Chile,2022,5.9,SP.DYN.IMRT.IN,"Mortality rate, infant (per 1,000 live births)",Post-COVID (2022-2023)
CL,Chile,2021,5.8,SP.DYN.IMRT.IN,"Mortality rate, infant (per 1,000 live births)",COVID (2020-2021)
CL,Chile,2020,5.9,SP.DYN.IMRT.IN,"Mortality rate, infant (per 1,000 live births)",COVID (2020-2021)
CL,Chile,2019,6.0,SP.DYN.IMRT.IN,"Mortality rate, infant (per 1,000 live births)",Pre-COVID (2015-2019)
CL,Chile,2018,6.3,SP.DYN.IMRT.IN,"Mortality rate, infant (per 1,000 live births)",Pre-COVID (2015-2019)
CL,Chile,2017,6.5,SP.DYN.IMRT.IN,"Mortality rate, infant (per 1,000 live births)",Pre-COVID (2015-2019)
CL,Chile,2016,6.7,SP.DYN.IMRT.IN,"Mortality rate, infant (per 1,000 live births)",Pre-COVID (2015-2019)
CL,Chile,2015,6.8,SP.DYN.IMRT.IN,"Mortality rate, infant (per 1,000 live births)",Pre-COVID (2015-2019)
CO,Colombia,2023,10.9,SP.DYN.IMRT.IN,"Mortality rate, infant (per 1,000 live births)",Post-COVID (2022-2023)
CO,Colombia,2022,11.3,SP.DYN.IMRT.IN,"Mortality rate, infant (per 1,000 live births)",Post-COVID (2022-2023)
CO,Colombia,2021,11.6,SP.DYN.IMRT.IN,"Mortality rate, infant (per 1,000 live births)",COVID (2020-2021)
CO,Colombia,2020,12.0,SP.DYN.IMRT.IN,"Mortality rate, infant (per 1,000 live births)",COVID (2020-2021)
CO,Colombia,2019,12.4,SP.DYN.IMRT.IN,"Mortality rate, infant (per 1,000 live births)",Pre-COVID (2015-2019)
CO,Colombia,2018,12.7,SP.DYN.IMRT.IN,"Mortality rate, infant (per 1,000 live births)",Pre-COVID (2015-2019)
CO,Colombia,2017,13.2,SP.DYN.IMRT.IN,"Mortality rate, infant (per 1,000 live births)",Pre-COVID (2015-2019)
CO,Colombia,2016,13.6,SP.DYN.IMRT.IN,"Mortality rate, infant (per 1,000 live births)",Pre-COVID (2015-2019)
CO,Colombia,2015,14.0,SP.DYN.IMRT.IN,"Mortality rate, infant (per 1,000 live births)",Pre-COVID (2015-2019)
EC,Ecuador,2023,11.1,SP.DYN.IMRT.IN,"Mortality rate, infant (per 1,000 live births)",Post-COVID (2022-2023)
EC,Ecuador,2022,11.2,SP.DYN.IMRT.IN,"Mortality rate, infant (per 1,000 live births)",Post-COVID (2022-2023)
EC,Ecuador,2021,11.3,SP.DYN.IMRT.IN,"Mortality rate, infant (per 1,000 live births)",COVID (2020-2021)
EC,Ecuador,2020,11.5,SP.DYN.IMRT.IN,"Mortality rate, infant (per 1,000 live births)",COVID (2020-2021)
EC,Ecuador,2019,11.7,SP.DYN.IMRT.IN,"Mortality rate, infant (per 1,000 live births)",Pre-COVID (2015-2019)
EC,Ecuador,2018,11.9,SP.DYN.IMRT.IN,"Mortality rate, infant (per 1,000 live births)",Pre-COVID (2015-2019)
EC,Ecuador,2017,12.2,SP.DYN.IMRT.IN,"Mortality rate, infant (per 1,000 live births)",Pre-COVID (2015-2019)
EC,Ecuador,2016,12.5,SP.DYN.IMRT.IN,"Mortality rate, infant (per 1,000 live births)",Pre-COVID (2015-2019)
EC,Ecuador,2015,12.9,SP.DYN.IMRT.IN,"Mortality rate, infant (per 1,000 live births)",Pre-COVID (2015-2019)
PE,Peru,2023,13.5,SP.DYN.IMRT.IN,"Mortality rate, infant (per 1,000 live births)",Post-COVID (2022-2023)
PE,Peru,2022,13.8,SP.DYN.IMRT.IN,"Mortality rate, infant (per 1,000 live births)",Post-COVID (2022-2023)
PE,Peru,2021,14.0,SP.DYN.IMRT.IN,"Mortality rate, infant (per 1,000 live births)",COVID (2020-2021)
PE,Peru,2020,14.1,SP.DYN.IMRT.IN,"Mortality rate, infant (per 1,000 live births)",COVID (2020-2021)
PE,Peru,2019,14.2,SP.DYN.IMRT.IN,"Mortality rate, infant (per 1,000 live births)",Pre-COVID (2015-2019)
PE,Peru,2018,14.3,SP.DYN.IMRT.IN,"Mortality rate, infant (per 1,000 live births)",Pre-COVID (2015-2019)
PE,Peru,2017,14.4,SP.DYN.IMRT.IN,"Mortality rate, infant (per 1,000 live births)",Pre-COVID (2015-2019)
PE,Peru,2016,14.5,SP.DYN.IMRT.IN,"Mortality rate, infant (per 1,000 live births)",Pre-COVID (2015-2019)
PE,Peru,2015,14.7,SP.DYN.IMRT.IN,"Mortality rate, infant (per 1,000 live births)",Pre-COVID (2015-2019)
AR,Argentina,2023,5.8467786039069,NV.AGR.TOTL.ZS,"Agriculture, forestry, and fishing, value added (% of GDP)",Post-COVID (2022-2023)
AR,Argentina,2022,6.54156940484837,NV.AGR.TOTL.ZS,"Agriculture, forestry, and fishing, value added (% of GDP)",Post-COVID (2022-2023)
AR,Argentina,2021,7.29128249622041,NV.AGR.TOTL.ZS,"Agriculture, forestry, and fishing, value added (% of GDP)",COVID (2020-2021)
AR,Argentina,2020,6.35703367575527,NV.AGR.TOTL.ZS,"Agriculture, forestry, and fishing, value added (% of GDP)",COVID (2020-2021)
AR,Argentina,2019,5.3185559967348,NV.AGR.TOTL.ZS,"Agriculture, forestry, and fishing, value added (% of GDP)",Pre-COVID (2015-2019)
AR,Argentina,2018,4.53787889681146,NV.AGR.TOTL.ZS,"Agriculture, forestry, and fishing, value added (% of GDP)",Pre-COVID (2015-2019)
AR,Argentina,2017,5.23162237725058,NV.AGR.TOTL.ZS,"Agriculture, forestry, and fishing, value added (% of GDP)",Pre-COVID (2015-2019)
AR,Argentina,2016,6.26456582010254,NV.AGR.TOTL.ZS,"Agriculture, forestry, and fishing, value added (% of GDP)",Pre-COVID (2015-2019)
AR,Argentina,2015,5.1566859021408,NV.AGR.TOTL.ZS,"Agriculture, forestry, and fishing, value added (% of GDP)",Pre-COVID (2015-2019)
BO,Bolivia,2023,9.31098009756551,NV.AGR.TOTL.ZS,"Agriculture, forestry, and fishing, value added (% of GDP)",Post-COVID (2022-2023)
BO,Bolivia,2022,8.66028481306177,NV.AGR.TOTL.ZS,"Agriculture, forestry, and fishing, value added (% of GDP)",Post-COVID (2022-2023)
BO,Bolivia,2021,8.81001912255763,NV.AGR.TOTL.ZS,"Agriculture, forestry, and fishing, value added (% of GDP)",COVID (2020-2021)
BO,Bolivia,2020,9.12405586834666,NV.AGR.TOTL.ZS,"Agriculture, forestry, and fishing, value added (% of GDP)",COVID (2020-2021)
BO,Bolivia,2019,7.63288264501605,NV.AGR.TOTL.ZS,"Agriculture, forestry, and fishing, value added (% of GDP)",Pre-COVID (2015-2019)
BO,Bolivia,2018,7.45035399971013,NV.AGR.TOTL.ZS,"Agriculture, forestry, and fishing, value added (% of GDP)",Pre-COVID (2015-2019)
BO,Bolivia,2017,7.67713722474752,NV.AGR.TOTL.ZS,"Agriculture, forestry, and fishing, value added (% of GDP)",Pre-COVID (2015-2019)
BO,Bolivia,2016,11.1718754150532,NV.AGR.TOTL.ZS,"Agriculture, forestry, and fishing, value added (% of GDP)",Pre-COVID (2015-2019)
BO,Bolivia,2015,10.2394941144455,NV.AGR.TOTL.ZS,"Agriculture, forestry, and fishing, value added (% of GDP)",Pre-COVID (2015-2019)
BR,Brazil,2023,6.02306023514157,NV.AGR.TOTL.ZS,"Agriculture, forestry, and fishing, value added (% of GDP)",Post-COVID (2022-2023)
BR,Brazil,2022,5.76747490842218,NV.AGR.TOTL.ZS,"Agriculture, forestry, and fishing, value added (% of GDP)",Post-COVID (2022-2023)
BR,Brazil,2021,6.55876261207381,NV.AGR.TOTL.ZS,"Agriculture, forestry, and fishing, value added (% of GDP)",COVID (2020-2021)
BR,Brazil,2020,5.7114851151592,NV.AGR.TOTL.ZS,"Agriculture, forestry, and fishing, value added (% of GDP)",COVID (2020-2021)
BR,Brazil,2019,4.2050140951087,NV.AGR.TOTL.ZS,"Agriculture, forestry, and fishing, value added (% of GDP)",Pre-COVID (2015-2019)
BR,Brazil,2018,4.4203993034602,NV.AGR.TOTL.ZS,"Agriculture, forestry, and fishing, value added (% of GDP)",Pre-COVID (2015-2019)
BR,Brazil,2017,4.6005916952048,NV.AGR.TOTL.ZS,"Agriculture, forestry, and fishing, value added (% of GDP)",Pre-COVID (2015-2019)
BR,Brazil,2016,4.89135358721066,NV.AGR.TOTL.ZS,"Agriculture, forestry, and fishing, value added (% of GDP)",Pre-COVID (2015-2019)
BR,Brazil,2015,4.31914942931221,NV.AGR.TOTL.ZS,"Agriculture, forestry, and fishing, value added (% of GDP)",Pre-COVID (2015-2019)
CL,Chile,2023,3.49022733362425,NV.AGR.TOTL.ZS,"Agriculture, forestry, and fishing, value added (% of GDP)",Post-COVID (2022-2023)
CL,Chile,2022,3.23467925849162,NV.AGR.TOTL.ZS,"Agriculture, forestry, and fishing, value added (% of GDP)",Post-COVID (2022-2023)
CL,Chile,2021,3.50586436813615,NV.AGR.TOTL.ZS,"Agriculture, forestry, and fishing, value added (% of GDP)",COVID (2020-2021)
CL,Chile,2020,4.04542684409947,NV.AGR.TOTL.ZS,"Agriculture, forestry, and fishing, value added (% of GDP)",COVID (2020-2021)
CL,Chile,2019,3.987812171379,NV.AGR.TOTL.ZS,"Agriculture, forestry, and fishing, value added (% of GDP)",Pre-COVID (2015-2019)
CL,Chile,2018,3.92743592461123,NV.AGR.TOTL.ZS,"Agriculture, forestry, and fishing, value added (% of GDP)",Pre-COVID (2015-2019)
CL,Chile,2017,4.28097161377037,NV.AGR.TOTL.ZS,"Agriculture, forestry, and fishing, value added (% of GDP)",Pre-COVID (2015-2019)
CL,Chile,2016,4.19908937129196,NV.AGR.TOTL.ZS,"Agriculture, forestry, and fishing, value added (% of GDP)",Pre-COVID (2015-2019)
CL,Chile,2015,3.7094042753649,NV.AGR.TOTL.ZS,"Agriculture, forestry, and fishing, value added (% of GDP)",Pre-COVID (2015-2019)
CO,Colombia,2023,8.80792294653033,NV.AGR.TOTL.ZS,"Agriculture, forestry, and fishing, value added (% of GDP)",Post-COVID (2022-2023)
CO,Colombia,2022,8.83154473689041,NV.AGR.TOTL.ZS,"Agriculture, forestry, and fishing, value added (% of GDP)",Post-COVID (2022-2023)
CO,Colombia,2021,7.77187301385002,NV.AGR.TOTL.ZS,"Agriculture, forestry, and fishing, value added (% of GDP)",COVID (2020-2021)
CO,Colombia,2020,7.50848046663348,NV.AGR.TOTL.ZS,"Agriculture, forestry, and fishing, value added (% of GDP)",COVID (2020-2021)
CO,Colombia,2019,6.41072082168314,NV.AGR.TOTL.ZS,"Agriculture, forestry, and fishing, value added (% of GDP)",Pre-COVID (2015-2019)
CO,Colombia,2018,6.22570968960033,NV.AGR.TOTL.ZS,"Agriculture, forestry, and fishing, value added (% of GDP)",Pre-COVID (2015-2019)
CO,Colombia,2017,6.38966355268118,NV.AGR.TOTL.ZS,"Agriculture, forestry, and fishing, value added (% of GDP)",Pre-COVID (2015-2019)
CO,Colombia,2016,6.60641226605787,NV.AGR.TOTL.ZS,"Agriculture, forestry, and fishing, value added (% of GDP)",Pre-COVID (2015-2019)
CO,Colombia,2015,5.98042480849816,NV.AGR.TOTL.ZS,"Agriculture, forestry, and fishing, value added (% of GDP)",Pre-COVID (2015-2019)
EC,Ecuador,2023,7.99547363333803,NV.AGR.TOTL.ZS,"Agriculture, forestry, and fishing, value added (% of GDP)",Post-COVID (2022-2023)
EC,Ecuador,2022,7.39303992355462,NV.AGR.TOTL.ZS,"Agriculture, forestry, and fishing, value added (% of GDP)",Post-COVID (2022-2023)
EC,Ecuador,2021,8.07999983280318,NV.AGR.TOTL.ZS,"Agriculture, forestry, and fishing, value added (% of GDP)",COVID (2020-2021)
EC,Ecuador,2020,8.38574905899645,NV.AGR.TOTL.ZS,"Agriculture, forestry, and fishing, value added (% of GDP)",COVID (2020-2021)
EC,Ecuador,2019,7.78676459859086,NV.AGR.TOTL.ZS,"Agriculture, forestry, and fishing, value added (% of GDP)",Pre-COVID (2015-2019)
EC,Ecuador,2018,7.64505994805811,NV.AGR.TOTL.ZS,"Agriculture, forestry, and fishing, value added (% of GDP)",Pre-COVID (2015-2019)
EC,Ecuador,2017,7.90222040951574,NV.AGR.TOTL.ZS,"Agriculture, forestry, and fishing, value added (% of GDP)",Pre-COVID (2015-2019)
EC,Ecuador,2016,8.07212585894998,NV.AGR.TOTL.ZS,"Agriculture, forestry, and fishing, value added (% of GDP)",Pre-COVID (2015-2019)
EC,Ecuador,2015,8.02049629728797,NV.AGR.TOTL.ZS,"Agriculture, forestry, and fishing, value added (% of GDP)",Pre-COVID (2015-2019)
PE,Peru,2023,7.24050399871129,NV.AGR.TOTL.ZS,"Agriculture, forestry, and fishing, value added (% of GDP)",Post-COVID (2022-2023)
PE,Peru,2022,7.17416229206978,NV.AGR.TOTL.ZS,"Agriculture, forestry, and fishing, value added (% of GDP)",Post-COVID (2022-2023)
PE,Peru,2021,7.12266347558469,NV.AGR.TOTL.ZS,"Agriculture, forestry, and fishing, value added (% of GDP)",COVID (2020-2021)
PE,Peru,2020,7.7158463734968,NV.AGR.TOTL.ZS,"Agriculture, forestry, and fishing, value added (% of GDP)",COVID (2020-2021)
PE,Peru,2019,6.85303103477238,NV.AGR.TOTL.ZS,"Agriculture, forestry, and fishing, value added (% of GDP)",Pre-COVID (2015-2019)
PE,Peru,2018,6.88584285144097,NV.AGR.TOTL.ZS,"Agriculture, forestry, and fishing, value added (% of GDP)",Pre-COVID (2015-2019)
PE,Peru,2017,6.77975956010925,NV.AGR.TOTL.ZS,"Agriculture, forestry, and fishing, value added (% of GDP)",Pre-COVID (2015-2019)
PE,Peru,2016,6.93503461650105,NV.AGR.TOTL.ZS,"Agriculture, forestry, and fishing, value added (% of GDP)",Pre-COVID (2015-2019)
PE,Peru,2015,7.04564405972046,NV.AGR.TOTL.ZS,"Agriculture, forestry, and fishing, value added (% of GDP)",Pre-COVID (2015-2019)
AR,Argentina,2023,0.612884087432253,SL.AGR.EMPL.ZS,Employment in agriculture (% of total employment) (modeled ILO estimate),Post-COVID (2022-2023)
AR,Argentina,2022,0.646132629931651,SL.AGR.EMPL.ZS,Employment in agriculture (% of total employment) (modeled ILO estimate),Post-COVID (2022-2023)
AR,Argentina,2021,0.57090709431071,SL.AGR.EMPL.ZS,Employment in agriculture (% of total employment) (modeled ILO estimate),COVID (2020-2021)
AR,Argentina,2020,0.60550970861866,SL.AGR.EMPL.ZS,Employment in agriculture (% of total employment) (modeled ILO estimate),COVID (2020-2021)
AR,Argentina,2019,0.609655372977703,SL.AGR.EMPL.ZS,Employment in agriculture (% of total employment) (modeled ILO estimate),Pre-COVID (2015-2019)
AR,Argentina,2018,0.624305051358124,SL.AGR.EMPL.ZS,Employment in agriculture (% of total employment) (modeled ILO estimate),Pre-COVID (2015-2019)
AR,Argentina,2017,0.631425683343258,SL.AGR.EMPL.ZS,Employment in agriculture (% of total employment) (modeled ILO estimate),Pre-COVID (2015-2019)
AR,Argentina,2016,0.608956444450992,SL.AGR.EMPL.ZS,Employment in agriculture (% of total employment) (modeled ILO estimate),Pre-COVID (2015-2019)
AR,Argentina,2015,0.625513639973088,SL.AGR.EMPL.ZS,Employment in agriculture (% of total employment) (modeled ILO estimate),Pre-COVID (2015-2019)
BO,Bolivia,2023,24.3506189303342,SL.AGR.EMPL.ZS,Employment in agriculture (% of total employment) (modeled ILO estimate),Post-COVID (2022-2023)
BO,Bolivia,2022,24.8081349396738,SL.AGR.EMPL.ZS,Employment in agriculture (% of total employment) (modeled ILO estimate),Post-COVID (2022-2023)
BO,Bolivia,2021,27.6474130269739,SL.AGR.EMPL.ZS,Employment in agriculture (% of total employment) (modeled ILO estimate),COVID (2020-2021)
BO,Bolivia,2020,30.0006508193377,SL.AGR.EMPL.ZS,Employment in agriculture (% of total employment) (modeled ILO estimate),COVID (2020-2021)
BO,Bolivia,2019,27.4144207801314,SL.AGR.EMPL.ZS,Employment in agriculture (% of total employment) (modeled ILO estimate),Pre-COVID (2015-2019)
BO,Bolivia,2018,31.0700245272046,SL.AGR.EMPL.ZS,Employment in agriculture (% of total employment) (modeled ILO estimate),Pre-COVID (2015-2019)
BO,Bolivia,2017,30.4901540592762,SL.AGR.EMPL.ZS,Employment in agriculture (% of total employment) (modeled ILO estimate),Pre-COVID (2015-2019)
BO,Bolivia,2016,29.7427846117773,SL.AGR.EMPL.ZS,Employment in agriculture (% of total employment) (modeled ILO estimate),Pre-COVID (2015-2019)
BO,Bolivia,2015,29.6773810952928,SL.AGR.EMPL.ZS,Employment in agriculture (% of total employment) (modeled ILO estimate),Pre-COVID (2015-2019)
BR,Brazil,2023,8.202818535193,SL.AGR.EMPL.ZS,Employment in agriculture (% of total employment) (modeled ILO estimate),Post-COVID (2022-2023)
BR,Brazil,2022,8.73144055794584,SL.AGR.EMPL.ZS,Employment in agriculture (% of total employment) (modeled ILO estimate),Post-COVID (2022-2023)
BR,Brazil,2021,9.49560878423923,SL.AGR.EMPL.ZS,Employment in agriculture (% of total employment) (modeled ILO estimate),COVID (2020-2021)
BR,Brazil,2020,9.31407272288487,SL.AGR.EMPL.ZS,Employment in agriculture (% of total employment) (modeled ILO estimate),COVID (2020-2021)
BR,Brazil,2019,8.87727553293967,SL.AGR.EMPL.ZS,Employment in agriculture (% of total employment) (modeled ILO estimate),Pre-COVID (2015-2019)
BR,Brazil,2018,9.05694235839641,SL.AGR.EMPL.ZS,Employment in agriculture (% of total employment) (modeled ILO estimate),Pre-COVID (2015-2019)
BR,Brazil,2017,9.19142793138147,SL.AGR.EMPL.ZS,Employment in agriculture (% of total employment) (modeled ILO estimate),Pre-COVID (2015-2019)
BR,Brazil,2016,9.79792963215381,SL.AGR.EMPL.ZS,Employment in agriculture (% of total employment) (modeled ILO estimate),Pre-COVID (2015-2019)
BR,Brazil,2015,9.33239118194387,SL.AGR.EMPL.ZS,Employment in agriculture (% of total employment) (modeled ILO estimate),Pre-COVID (2015-2019)
CL,Chile,2023,6.20836443013518,SL.AGR.EMPL.ZS,Employment in agriculture (% of total employment) (modeled ILO estimate),Post-COVID (2022-2023)
CL,Chile,2022,6.32757390687919,SL.AGR.EMPL.ZS,Employment in agriculture (% of total employment) (modeled ILO estimate),Post-COVID (2022-2023)
CL,Chile,2021,6.54762055002849,SL.AGR.EMPL.ZS,Employment in agriculture (% of total employment) (modeled ILO estimate),COVID (2020-2021)
CL,Chile,2020,7.18474407910328,SL.AGR.EMPL.ZS,Employment in agriculture (% of total employment) (modeled ILO estimate),COVID (2020-2021)
CL,Chile,2019,7.75184459874013,SL.AGR.EMPL.ZS,Employment in agriculture (% of total employment) (modeled ILO estimate),Pre-COVID (2015-2019)
CL,Chile,2018,7.99959707205695,SL.AGR.EMPL.ZS,Employment in agriculture (% of total employment) (modeled ILO estimate),Pre-COVID (2015-2019)
CL,Chile,2017,8.17345856497717,SL.AGR.EMPL.ZS,Employment in agriculture (% of total employment) (modeled ILO estimate),Pre-COVID (2015-2019)
CL,Chile,2016,8.27795635089375,SL.AGR.EMPL.ZS,Employment in agriculture (% of total employment) (modeled ILO estimate),Pre-COVID (2015-2019)
CL,Chile,2015,8.20964767201495,SL.AGR.EMPL.ZS,Employment in agriculture (% of total employment) (modeled ILO estimate),Pre-COVID (2015-2019)
CO,Colombia,2023,14.4388855774159,SL.AGR.EMPL.ZS,Employment in agriculture (% of total employment) (modeled ILO estimate),Post-COVID (2022-2023)
CO,Colombia,2022,14.6717582921949,SL.AGR.EMPL.ZS,Employment in agriculture (% of total employment) (modeled ILO estimate),Post-COVID (2022-2023)
CO,Colombia,2021,15.9278316950655,SL.AGR.EMPL.ZS,Employment in agriculture (% of total employment) (modeled ILO estimate),COVID (2020-2021)
CO,Colombia,2020,16.6629573050187,SL.AGR.EMPL.ZS,Employment in agriculture (% of total employment) (modeled ILO estimate),COVID (2020-2021)
CO,Colombia,2019,16.1112143953569,SL.AGR.EMPL.ZS,Employment in agriculture (% of total employment) (modeled ILO estimate),Pre-COVID (2015-2019)
CO,Colombia,2018,16.9993713864705,SL.AGR.EMPL.ZS,Employment in agriculture (% of total employment) (modeled ILO estimate),Pre-COVID (2015-2019)
CO,Colombia,2017,16.9346002419261,SL.AGR.EMPL.ZS,Employment in agriculture (% of total employment) (modeled ILO estimate),Pre-COVID (2015-2019)
CO,Colombia,2016,16.299959643838,SL.AGR.EMPL.ZS,Employment in agriculture (% of total employment) (modeled ILO estimate),Pre-COVID (2015-2019)
CO,Colombia,2015,16.3195747212594,SL.AGR.EMPL.ZS,Employment in agriculture (% of total employment) (modeled ILO estimate),Pre-COVID (2015-2019)
EC,Ecuador,2023,29.9978166079384,SL.AGR.EMPL.ZS,Employment in agriculture (% of total employment) (modeled ILO estimate),Post-COVID (2022-2023)
EC,Ecuador,2022,31.5261961027935,SL.AGR.EMPL.ZS,Employment in agriculture (% of total employment) (modeled ILO estimate),Post-COVID (2022-2023)
EC,Ecuador,2021,32.2703707435044,SL.AGR.EMPL.ZS,Employment in agriculture (% of total employment) (modeled ILO estimate),COVID (2020-2021)
EC,Ecuador,2020,31.8163511825356,SL.AGR.EMPL.ZS,Employment in agriculture (% of total employment) (modeled ILO estimate),COVID (2020-2021)
EC,Ecuador,2019,29.7419391598716,SL.AGR.EMPL.ZS,Employment in agriculture (% of total employment) (modeled ILO estimate),Pre-COVID (2015-2019)
EC,Ecuador,2018,28.8247104122929,SL.AGR.EMPL.ZS,Employment in agriculture (% of total employment) (modeled ILO estimate),Pre-COVID (2015-2019)
EC,Ecuador,2017,27.6938545303327,SL.AGR.EMPL.ZS,Employment in agriculture (% of total employment) (modeled ILO estimate),Pre-COVID (2015-2019)
EC,Ecuador,2016,26.9419280248577,SL.AGR.EMPL.ZS,Employment in agriculture (% of total employment) (modeled ILO estimate),Pre-COVID (2015-2019)
EC,Ecuador,2015,26.1915614177169,SL.AGR.EMPL.ZS,Employment in agriculture (% of total employment) (modeled ILO estimate),Pre-COVID (2015-2019)
PE,Peru,2023,23.9668308166303,SL.AGR.EMPL.ZS,Employment in agriculture (% of total employment) (modeled ILO estimate),Post-COVID (2022-2023)
PE,Peru,2022,25.6687857860982,SL.AGR.EMPL.ZS,Employment in agriculture (% of total employment) (modeled ILO estimate),Post-COVID (2022-2023)
PE,Peru,2021,27.8582293793428,SL.AGR.EMPL.ZS,Employment in agriculture (% of total employment) (modeled ILO estimate),COVID (2020-2021)
PE,Peru,2020,33.6557327033326,SL.AGR.EMPL.ZS,Employment in agriculture (% of total employment) (modeled ILO estimate),COVID (2020-2021)
PE,Peru,2019,25.5684626647487,SL.AGR.EMPL.ZS,Employment in agriculture (% of total employment) (modeled ILO estimate),Pre-COVID (2015-2019)
PE,Peru,2018,26.126784937774,SL.AGR.EMPL.ZS,Employment in agriculture (% of total employment) (modeled ILO estimate),Pre-COVID (2015-2019)
PE,Peru,2017,26.1958357907042,SL.AGR.EMPL.ZS,Employment in agriculture (% of total employment) (modeled ILO estimate),Pre-COVID (2015-2019)
PE,Peru,2016,27.0292936553105,SL.AGR.EMPL.ZS,Employment in agriculture (% of total employment) (modeled ILO estimate),Pre-COVID (2015-2019)
PE,Peru,2015,26.9786862288984,SL.AGR.EMPL.ZS,Employment in agriculture (% of total employment) (modeled ILO estimate),Pre-COVID (2015-2019)
AR,Argentina,2023,89.229,IT.NET.USER.ZS,Individuals using the Internet (% of population),Post-COVID (2022-2023)
AR,Argentina,2022,88.3754,IT.NET.USER.ZS,Individuals using the Internet (% of population),Post-COVID (2022-2023)
AR,Argentina,2021,87.1507,IT.NET.USER.ZS,Individuals using the Internet (% of population),COVID (2020-2021)
AR,Argentina,2020,85.5144,IT.NET.USER.ZS,Individuals using the Internet (% of population),COVID (2020-2021)
AR,Argentina,2019,79.947,IT.NET.USER.ZS,Individuals using the Internet (% of population),Pre-COVID (2015-2019)
AR,Argentina,2018,77.7,IT.NET.USER.ZS,Individuals using the Internet (% of population),Pre-COVID (2015-2019)
AR,Argentina,2017,74.2949,IT.NET.USER.ZS,Individuals using the Internet (% of population),Pre-COVID (2015-2019)
AR,Argentina,2016,70.969,IT.NET.USER.ZS,Individuals using the Internet (% of population),Pre-COVID (2015-2019)
AR,Argentina,2015,68.0431,IT.NET.USER.ZS,Individuals using the Internet (% of population),Pre-COVID (2015-2019)
BO,Bolivia,2023,70.2368,IT.NET.USER.ZS,Individuals using the Internet (% of population),Post-COVID (2022-2023)
BO,Bolivia,2022,67.3612,IT.NET.USER.ZS,Individuals using the Internet (% of population),Post-COVID (2022-2023)
BO,Bolivia,2021,65.9774,IT.NET.USER.ZS,Individuals using the Internet (% of population),COVID (2020-2021)
BO,Bolivia,2020,59.9401,IT.NET.USER.ZS,Individuals using the Internet (% of population),COVID (2020-2021)
BO,Bolivia,2019,47.4748,IT.NET.USER.ZS,Individuals using the Internet (% of population),Pre-COVID (2015-2019)
BO,Bolivia,2018,44.2861,IT.NET.USER.ZS,Individuals using the Internet (% of population),Pre-COVID (2015-2019)
BO,Bolivia,2017,43.8323,IT.NET.USER.ZS,Individuals using the Internet (% of population),Pre-COVID (2015-2019)
BO,Bolivia,2016,39.6975,IT.NET.USER.ZS,Individuals using the Internet (% of population),Pre-COVID (2015-2019)
BO,Bolivia,2015,37.4868,IT.NET.USER.ZS,Individuals using the Internet (% of population),Pre-COVID (2015-2019)
BR,Brazil,2023,84.1506,IT.NET.USER.ZS,Individuals using the Internet (% of population),Post-COVID (2022-2023)
BR,Brazil,2022,80.5278,IT.NET.USER.ZS,Individuals using the Internet (% of population),Post-COVID (2022-2023)
BR,Brazil,2021,80.6899,IT.NET.USER.ZS,Individuals using the Internet (% of population),COVID (2020-2021)
BR,Brazil,2020,81.3427,IT.NET.USER.ZS,Individuals using the Internet (% of population),COVID (2020-2021)
BR,Brazil,2019,73.9124,IT.NET.USER.ZS,Individuals using the Internet (% of population),Pre-COVID (2015-2019)
BR,Brazil,2018,70.4343,IT.NET.USER.ZS,Individuals using the Internet (% of population),Pre-COVID (2015-2019)
BR,Brazil,2017,67.4713,IT.NET.USER.ZS,Individuals using the Internet (% of population),Pre-COVID (2015-2019)
BR,Brazil,2016,60.8725,IT.NET.USER.ZS,Individuals using the Internet (% of population),Pre-COVID (2015-2019)
BR,Brazil,2015,58.328,IT.NET.USER.ZS,Individuals using the Internet (% of population),Pre-COVID (2015-2019)
CL,Chile,2023,94.4574,IT.NET.USER.ZS,Individuals using the Internet (% of population),Post-COVID (2022-2023)
CL,Chile,2022,93.5377,IT.NET.USER.ZS,Individuals using the Internet (% of population),Post-COVID (2022-2023)
CL,Chile,2021,90.2328,IT.NET.USER.ZS,Individuals using the Internet (% of population),COVID (2020-2021)
CL,Chile,2020,87.4593,IT.NET.USER.ZS,Individuals using the Internet (% of population),COVID (2020-2021)
CL,Chile,2019,85.0176,IT.NET.USER.ZS,Individuals using the Internet (% of population),Pre-COVID (2015-2019)
CL,Chile,2018,84.9,IT.NET.USER.ZS,Individuals using the Internet (% of population),Pre-COVID (2015-2019)
CL,Chile,2017,82.3275,IT.NET.USER.ZS,Individuals using the Internet (% of population),Pre-COVID (2015-2019)
CL,Chile,2016,83.5586,IT.NET.USER.ZS,Individuals using the Internet (% of population),Pre-COVID (2015-2019)
CL,Chile,2015,76.6296,IT.NET.USER.ZS,Individuals using the Internet (% of population),Pre-COVID (2015-2019)
CO,Colombia,2023,77.3369,IT.NET.USER.ZS,Individuals using the Internet (% of population),Post-COVID (2022-2023)
CO,Colombia,2022,72.7964,IT.NET.USER.ZS,Individuals using the Internet (% of population),Post-COVID (2022-2023)
CO,Colombia,2021,73.0284,IT.NET.USER.ZS,Individuals using the Internet (% of population),COVID (2020-2021)
CO,Colombia,2020,69.7953,IT.NET.USER.ZS,Individuals using the Internet (% of population),COVID (2020-2021)
CO,Colombia,2019,65.0069,IT.NET.USER.ZS,Individuals using the Internet (% of population),Pre-COVID (2015-2019)
CO,Colombia,2018,64.1264,IT.NET.USER.ZS,Individuals using the Internet (% of population),Pre-COVID (2015-2019)
CO,Colombia,2017,62.2599,IT.NET.USER.ZS,Individuals using the Internet (% of population),Pre-COVID (2015-2019)
CO,Colombia,2016,58.1365,IT.NET.USER.ZS,Individuals using the Internet (% of population),Pre-COVID (2015-2019)
CO,Colombia,2015,55.905,IT.NET.USER.ZS,Individuals using the Internet (% of population),Pre-COVID (2015-2019)
EC,Ecuador,2023,72.6943,IT.NET.USER.ZS,Individuals using the Internet (% of population),Post-COVID (2022-2023)
EC,Ecuador,2022,69.7181,IT.NET.USER.ZS,Individuals using the Internet (% of population),Post-COVID (2022-2023)
EC,Ecuador,2021,69.1148,IT.NET.USER.ZS,Individuals using the Internet (% of population),COVID (2020-2021)
EC,Ecuador,2020,70.7,IT.NET.USER.ZS,Individuals using the Internet (% of population),COVID (2020-2021)
EC,Ecuador,2019,59.2,IT.NET.USER.ZS,Individuals using the Internet (% of population),Pre-COVID (2015-2019)
EC,Ecuador,2018,57.5,IT.NET.USER.ZS,Individuals using the Internet (% of population),Pre-COVID (2015-2019)
EC,Ecuador,2017,55.8,IT.NET.USER.ZS,Individuals using the Internet (% of population),Pre-COVID (2015-2019)
EC,Ecuador,2016,54.0629,IT.NET.USER.ZS,Individuals using the Internet (% of population),Pre-COVID (2015-2019)
EC,Ecuador,2015,48.9404,IT.NET.USER.ZS,Individuals using the Internet (% of population),Pre-COVID (2015-2019)
PE,Peru,2023,79.4848,IT.NET.USER.ZS,Individuals using the Internet (% of population),Post-COVID (2022-2023)
PE,Peru,2022,74.675,IT.NET.USER.ZS,Individuals using the Internet (% of population),Post-COVID (2022-2023)
PE,Peru,2021,71.1078,IT.NET.USER.ZS,Individuals using the Internet (% of population),COVID (2020-2021)
PE,Peru,2020,65.2518,IT.NET.USER.ZS,Individuals using the Internet (% of population),COVID (2020-2021)
PE,Peru,2019,59.9505,IT.NET.USER.ZS,Individuals using the Internet (% of population),Pre-COVID (2015-2019)
PE,Peru,2018,55.0543,IT.NET.USER.ZS,Individuals using the Internet (% of population),Pre-COVID (2015-2019)
PE,Peru,2017,50.4504,IT.NET.USER.ZS,Individuals using the Internet (% of population),Pre-COVID (2015-2019)
PE,Peru,2016,45.4617,IT.NET.USER.ZS,Individuals using the Internet (% of population),Pre-COVID (2015-2019)
PE,Peru,2015,40.8526,IT.NET.USER.ZS,Individuals using the Internet (% of population),Pre-COVID (2015-2019)
AR,Argentina,2023,100.0,EG.ELC.ACCS.ZS,Access to electricity (% of population),Post-COVID (2022-2023)
AR,Argentina,2022,100.0,EG.ELC.ACCS.ZS,Access to electricity (% of population),Post-COVID (2022-2023)
AR,Argentina,2021,100.0,EG.ELC.ACCS.ZS,Access to electricity (% of population),COVID (2020-2021)
AR,Argentina,2020,100.0,EG.ELC.ACCS.ZS,Access to electricity (% of population),COVID (2020-2021)
AR,Argentina,2019,100.0,EG.ELC.ACCS.ZS,Access to electricity (% of population),Pre-COVID (2015-2019)
AR,Argentina,2018,100.0,EG.ELC.ACCS.ZS,Access to electricity (% of population),Pre-COVID (2015-2019)
AR,Argentina,2017,100.0,EG.ELC.ACCS.ZS,Access to electricity (% of population),Pre-COVID (2015-2019)
AR,Argentina,2016,99.9,EG.ELC.ACCS.ZS,Access to electricity (% of population),Pre-COVID (2015-2019)
AR,Argentina,2015,99.7,EG.ELC.ACCS.ZS,Access to electricity (% of population),Pre-COVID (2015-2019)
BO,Bolivia,2023,99.8,EG.ELC.ACCS.ZS,Access to electricity (% of population),Post-COVID (2022-2023)
BO,Bolivia,2022,99.9,EG.ELC.ACCS.ZS,Access to electricity (% of population),Post-COVID (2022-2023)
BO,Bolivia,2021,98.6,EG.ELC.ACCS.ZS,Access to electricity (% of population),COVID (2020-2021)
BO,Bolivia,2020,97.2,EG.ELC.ACCS.ZS,Access to electricity (% of population),COVID (2020-2021)
BO,Bolivia,2019,95.1,EG.ELC.ACCS.ZS,Access to electricity (% of population),Pre-COVID (2015-2019)
BO,Bolivia,2018,92.8,EG.ELC.ACCS.ZS,Access to electricity (% of population),Pre-COVID (2015-2019)
BO,Bolivia,2017,91.8,EG.ELC.ACCS.ZS,Access to electricity (% of population),Pre-COVID (2015-2019)
BO,Bolivia,2016,91.8,EG.ELC.ACCS.ZS,Access to electricity (% of population),Pre-COVID (2015-2019)
BO,Bolivia,2015,91.5,EG.ELC.ACCS.ZS,Access to electricity (% of population),Pre-COVID (2015-2019)
BR,Brazil,2023,99.8,EG.ELC.ACCS.ZS,Access to electricity (% of population),Post-COVID (2022-2023)
BR,Brazil,2022,100.0,EG.ELC.ACCS.ZS,Access to electricity (% of population),Post-COVID (2022-2023)
BR,Brazil,2021,99.5,EG.ELC.ACCS.ZS,Access to electricity (% of population),COVID (2020-2021)
BR,Brazil,2020,99.7,EG.ELC.ACCS.ZS,Access to electricity (% of population),COVID (2020-2021)
BR,Brazil,2019,99.8,EG.ELC.ACCS.ZS,Access to electricity (% of population),Pre-COVID (2015-2019)
BR,Brazil,2018,99.7,EG.ELC.ACCS.ZS,Access to electricity (% of population),Pre-COVID (2015-2019)
BR,Brazil,2017,99.8,EG.ELC.ACCS.ZS,Access to electricity (% of population),Pre-COVID (2015-2019)
BR,Brazil,2016,99.7,EG.ELC.ACCS.ZS,Access to electricity (% of population),Pre-COVID (2015-2019)
BR,Brazil,2015,99.7,EG.ELC.ACCS.ZS,Access to electricity (% of population),Pre-COVID (2015-2019)
CL,Chile,2023,100.0,EG.ELC.ACCS.ZS,Access to electricity (% of population),Post-COVID (2022-2023)
CL,Chile,2022,100.0,EG.ELC.ACCS.ZS,Access to electricity (% of population),Post-COVID (2022-2023)
CL,Chile,2021,100.0,EG.ELC.ACCS.ZS,Access to electricity (% of population),COVID (2020-2021)
CL,Chile,2020,100.0,EG.ELC.ACCS.ZS,Access to electricity (% of population),COVID (2020-2021)
CL,Chile,2019,100.0,EG.ELC.ACCS.ZS,Access to electricity (% of population),Pre-COVID (2015-2019)
CL,Chile,2018,100.0,EG.ELC.ACCS.ZS,Access to electricity (% of population),Pre-COVID (2015-2019)
CL,Chile,2017,99.7,EG.ELC.ACCS.ZS,Access to electricity (% of population),Pre-COVID (2015-2019)
CL,Chile,2016,100.0,EG.ELC.ACCS.ZS,Access to electricity (% of population),Pre-COVID (2015-2019)
CL,Chile,2015,99.7,EG.ELC.ACCS.ZS,Access to electricity (% of population),Pre-COVID (2015-2019)
CO,Colombia,2023,98.7,EG.ELC.ACCS.ZS,Access to electricity (% of population),Post-COVID (2022-2023)
CO,Colombia,2022,100.0,EG.ELC.ACCS.ZS,Access to electricity (% of population),Post-COVID (2022-2023)
CO,Colombia,2021,100.0,EG.ELC.ACCS.ZS,Access to electricity (% of population),COVID (2020-2021)
CO,Colombia,2020,99.7,EG.ELC.ACCS.ZS,Access to electricity (% of population),COVID (2020-2021)
CO,Colombia,2019,99.4,EG.ELC.ACCS.ZS,Access to electricity (% of population),Pre-COVID (2015-2019)
CO,Colombia,2018,98.5,EG.ELC.ACCS.ZS,Access to electricity (% of population),Pre-COVID (2015-2019)
CO,Colombia,2017,98.5,EG.ELC.ACCS.ZS,Access to electricity (% of population),Pre-COVID (2015-2019)
CO,Colombia,2016,98.4,EG.ELC.ACCS.ZS,Access to electricity (% of population),Pre-COVID (2015-2019)
CO,Colombia,2015,98.2,EG.ELC.ACCS.ZS,Access to electricity (% of population),Pre-COVID (2015-2019)
EC,Ecuador,2023,98.7,EG.ELC.ACCS.ZS,Access to electricity (% of population),Post-COVID (2022-2023)
EC,Ecuador,2022,100.0,EG.ELC.ACCS.ZS,Access to electricity (% of population),Post-COVID (2022-2023)
EC,Ecuador,2021,100.0,EG.ELC.ACCS.ZS,Access to electricity (% of population),COVID (2020-2021)
EC,Ecuador,2020,98.9,EG.ELC.ACCS.ZS,Access to electricity (% of population),COVID (2020-2021)
EC,Ecuador,2019,99.1,EG.ELC.ACCS.ZS,Access to electricity (% of population),Pre-COVID (2015-2019)
EC,Ecuador,2018,98.7,EG.ELC.ACCS.ZS,Access to electricity (% of population),Pre-COVID (2015-2019)
EC,Ecuador,2017,99.2,EG.ELC.ACCS.ZS,Access to electricity (% of population),Pre-COVID (2015-2019)
EC,Ecuador,2016,98.7,EG.ELC.ACCS.ZS,Access to electricity (% of population),Pre-COVID (2015-2019)
EC,Ecuador,2015,98.8,EG.ELC.ACCS.ZS,Access to electricity (% of population),Pre-COVID (2015-2019)
PE,Peru,2023,96.2,EG.ELC.ACCS.ZS,Access to electricity (% of population),Post-COVID (2022-2023)
PE,Peru,2022,96.2,EG.ELC.ACCS.ZS,Access to electricity (% of population),Post-COVID (2022-2023)
PE,Peru,2021,95.6,EG.ELC.ACCS.ZS,Access to electricity (% of population),COVID (2020-2021)
PE,Peru,2020,96.2,EG.ELC.ACCS.ZS,Access to electricity (% of population),COVID (2020-2021)
PE,Peru,2019,95.6,EG.ELC.ACCS.ZS,Access to electricity (% of population),Pre-COVID (2015-2019)
PE,Peru,2018,95.2,EG.ELC.ACCS.ZS,Access to electricity (% of population),Pre-COVID (2015-2019)
PE,Peru,2017,94.8,EG.ELC.ACCS.ZS,Access to electricity (% of population),Pre-COVID (2015-2019)
PE,Peru,2016,94.2,EG.ELC.ACCS.ZS,Access to electricity (% of population),Pre-COVID (2015-2019)
PE,Peru,2015,93.9,EG.ELC.ACCS.ZS,Access to electricity (% of population),Pre-COVID (2015-2019)
